date,portfolio_return,sp500_return,nasdaq_return,volatility_daily,volatility_weekly,volatility_monthly,drawdown_max,sharpe,portfolio_name
2024-01-01,-0.009370675429705044,-0.005159607473599892,0.015629855230721246,0.14597117065904225,0.1612431397111649,0.16350167223974735,-10.327096223334424,0.5391184000962325,Portefeuille Croissance
2024-01-02,-8.242688486559402e-05,-0.018327732068560754,0.03243796658210174,0.14597117065904225,0.1612431397111649,0.16350167223974735,-10.327096223334424,0.5391184000962325,Portefeuille Croissance
2024-01-03,0.002864136701523856,-0.012200634651468145,0.020685419326208043,0.14597117065904225,0.1612431397111649,0.16350167223974735,-10.327096223334424,0.5391184000962325,Portefeuille Croissance
2024-01-04,-0.010330198174819394,-0.012541095286597748,0.014649732364098167,0.14597117065904225,0.1612431397111649,0.16350167223974735,-10.327096223334424,0.5391184000962325,Portefeuille Croissance
2024-01-05,-0.01508793902440464,-0.007578488495091129,-0.005560013455571444,0.14597117065904225,0.1612431397111649,0.16350167223974735,-10.327096223334424,0.5391184000962325,Portefeuille Croissance
2024-01-08,-5.529633010958879e-05,-0.00636536258427145,-0.007909656584207614,0.14597117065904225,0.1612431397111649,0.16350167223974735,-10.327096223334424,0.5391184000962325,Portefeuille Croissance
2024-01-09,-0.02149422396107059,-0.005831638295814345,-0.0024596223963966324,0.14597117065904225,0.1612431397111649,0.16350167223974735,-10.327096223334424,0.5391184000962325,Portefeuille Croissance
2024-01-10,-0.024880063013421383,0.017997586712216407,-0.0035505466128212815,0.14597117065904225,0.1612431397111649,0.16350167223974735,-10.327096223334424,0.5391184000962325,Portefeuille Croissance
2024-01-11,-0.013380057875264972,0.018253063703821848,0.020035621606381504,0.14597117065904225,0.1612431397111649,0.16350167223974735,-10.327096223334424,0.5391184000962325,Portefeuille Croissance
2024-01-12,-0.020681700188094787,0.01726132424531479,0.015577943024306151,0.14597117065904225,0.1612431397111649,0.16350167223974735,-10.327096223334424,0.5391184000962325,Portefeuille Croissance
2024-01-15,-0.026273583554121238,0.016578142319633615,0.0028201486388446106,0.14597117065904225,0.1612431397111649,0.16350167223974735,-10.327096223334424,0.5391184000962325,Portefeuille Croissance
2024-01-16,-0.026714078611896674,0.012137430390761761,0.010162848389553725,0.14597117065904225,0.1612431397111649,0.16350167223974735,-10.327096223334424,0.5391184000962325,Portefeuille Croissance
2024-01-17,-0.01326082750564217,0.020458276130299158,0.012485420812936354,0.14597117065904225,0.1612431397111649,0.16350167223974735,-10.327096223334424,0.5391184000962325,Portefeuille Croissance
2024-01-18,-0.018539998484266795,0.01787648131214503,0.01966972490221086,0.14597117065904225,0.1612431397111649,0.16350167223974735,-10.327096223334424,0.5391184000962325,Portefeuille Croissance
2024-01-19,-0.022069169296745184,0.02336033324483977,0.023896720034422225,0.14597117065904225,0.1612431397111649,0.16350167223974735,-10.327096223334424,0.5391184000962325,Portefeuille Croissance
2024-01-22,-0.02550088649850757,0.025997352956273145,0.027403759946410533,0.14597117065904225,0.1612431397111649,0.16350167223974735,-10.327096223334424,0.5391184000962325,Portefeuille Croissance
2024-01-23,-0.005763994662546845,0.03631056230487184,0.0017519676003674434,0.14597117065904225,0.1612431397111649,0.16350167223974735,-10.327096223334424,0.5391184000962325,Portefeuille Croissance
2024-01-24,0.014201332930247279,0.04010494790895569,-0.00647579028504508,0.14597117065904225,0.1612431397111649,0.16350167223974735,-10.327096223334424,0.5391184000962325,Portefeuille Croissance
2024-01-25,0.0237718286774824,0.03032059927827979,-0.013017053351197516,0.14597117065904225,0.1612431397111649,0.16350167223974735,-10.327096223334424,0.5391184000962325,Portefeuille Croissance
2024-01-26,0.027739638213795992,0.019696033941006386,-0.016644780288877614,0.14597117065904225,0.1612431397111649,0.16350167223974735,-10.327096223334424,0.5391184000962325,Portefeuille Croissance
2024-01-29,0.0349711402898778,0.03149081021182454,-0.02144424177688664,0.14597117065904225,0.1612431397111649,0.16350167223974735,-10.327096223334424,0.5391184000962325,Portefeuille Croissance
2024-01-30,0.0492709103893707,0.026777220657736578,-0.016107369781550807,0.14597117065904225,0.1612431397111649,0.16350167223974735,-10.327096223334424,0.5391184000962325,Portefeuille Croissance
2024-01-31,0.040853129457880444,0.016237536652174978,-0.008520977003290575,0.14597117065904225,0.1612431397111649,0.16350167223974735,-10.327096223334424,0.5391184000962325,Portefeuille Croissance
2024-02-01,0.05228425877838383,0.011098475461745805,-0.021489216377052034,0.14597117065904225,0.1612431397111649,0.16350167223974735,-10.327096223334424,0.5391184000962325,Portefeuille Croissance
2024-02-02,0.04083022248036583,0.021631090601854197,-0.012935414765780417,0.14597117065904225,0.1612431397111649,0.16350167223974735,-10.327096223334424,0.5391184000962325,Portefeuille Croissance
2024-02-05,0.03527243522568613,0.010330109889013173,-0.005503590655121182,0.14597117065904225,0.1612431397111649,0.16350167223974735,-10.327096223334424,0.5391184000962325,Portefeuille Croissance
2024-02-06,0.04413845324533483,0.003629639366517834,0.0005521374486152641,0.14597117065904225,0.1612431397111649,0.16350167223974735,-10.327096223334424,0.5391184000962325,Portefeuille Croissance
2024-02-07,0.031130444517994293,-0.00142309397831486,-0.015971714810756765,0.14597117065904225,0.1612431397111649,0.16350167223974735,-10.327096223334424,0.5391184000962325,Portefeuille Croissance
2024-02-08,0.030243034600400565,-0.011118795408096571,-0.01027715532290474,0.14597117065904225,0.1612431397111649,0.16350167223974735,-10.327096223334424,0.5391184000962325,Portefeuille Croissance
2024-02-09,0.022664779003310764,-0.020191403407827324,-0.00880133501759739,0.14597117065904225,0.1612431397111649,0.16350167223974735,-10.327096223334424,0.5391184000962325,Portefeuille Croissance
2024-02-12,0.020721128571258296,-0.03179710278659742,0.00312334088801558,0.14597117065904225,0.1612431397111649,0.16350167223974735,-10.327096223334424,0.5391184000962325,Portefeuille Croissance
2024-02-13,-0.004579794248511071,-0.0350788258338921,0.025104061956526147,0.14597117065904225,0.1612431397111649,0.16350167223974735,-10.327096223334424,0.5391184000962325,Portefeuille Croissance
2024-02-14,-0.020052404792691325,-0.03752902185479878,0.04515183206972906,0.14597117065904225,0.1612431397111649,0.16350167223974735,-10.327096223334424,0.5391184000962325,Portefeuille Croissance
2024-02-15,-0.02583301287146955,-0.042495665880534994,0.04708717114162653,0.14597117065904225,0.1612431397111649,0.16350167223974735,-10.327096223334424,0.5391184000962325,Portefeuille Croissance
2024-02-16,-0.01731181653122771,-0.05487579736538328,0.04758715913932665,0.14597117065904225,0.1612431397111649,0.16350167223974735,-10.327096223334424,0.5391184000962325,Portefeuille Croissance
2024-02-19,-0.018454408861198535,-0.045115795005348236,0.056055203609716164,0.14597117065904225,0.1612431397111649,0.16350167223974735,-10.327096223334424,0.5391184000962325,Portefeuille Croissance
2024-02-20,-0.018036650058931625,-0.05498226079320412,0.04245270627102493,0.14597117065904225,0.1612431397111649,0.16350167223974735,-10.327096223334424,0.5391184000962325,Portefeuille Croissance
2024-02-21,-0.01156157940885938,-0.052596781151769134,0.024826709821268445,0.14597117065904225,0.1612431397111649,0.16350167223974735,-10.327096223334424,0.5391184000962325,Portefeuille Croissance
2024-02-22,-0.018990511664250254,-0.060458458824765526,0.019527979513200622,0.14597117065904225,0.1612431397111649,0.16350167223974735,-10.327096223334424,0.5391184000962325,Portefeuille Croissance
2024-02-23,-0.016093938006659814,-0.05515330469063895,0.034970593404429096,0.14597117065904225,0.1612431397111649,0.16350167223974735,-10.327096223334424,0.5391184000962325,Portefeuille Croissance
2024-02-26,-0.022832020575123457,-0.04764493034565054,0.031375582084734344,0.14597117065904225,0.1612431397111649,0.16350167223974735,-10.327096223334424,0.5391184000962325,Portefeuille Croissance
2024-02-27,-0.037635163161508056,-0.05404562181213324,0.050487972952080185,0.14597117065904225,0.1612431397111649,0.16350167223974735,-10.327096223334424,0.5391184000962325,Portefeuille Croissance
2024-02-28,-0.040635911172908656,-0.0683198140338438,0.015866668327593647,0.14597117065904225,0.1612431397111649,0.16350167223974735,-10.327096223334424,0.5391184000962325,Portefeuille Croissance
2024-02-29,-0.035297766892228966,-0.06285429990694291,-0.0029740795949892984,0.14597117065904225,0.1612431397111649,0.16350167223974735,-10.327096223334424,0.5391184000962325,Portefeuille Croissance
2024-03-01,-0.03197214747653776,-0.048509968864235975,-0.003955417107416981,0.14597117065904225,0.1612431397111649,0.16350167223974735,-10.327096223334424,0.5391184000962325,Portefeuille Croissance
2024-03-04,-0.03168800656901005,-0.04506028816925356,0.007158781521517499,0.14597117065904225,0.1612431397111649,0.16350167223974735,-10.327096223334424,0.5391184000962325,Portefeuille Croissance
2024-03-05,-0.01045167795456059,-0.04354732430703334,0.00682090272900604,0.14597117065904225,0.1612431397111649,0.16350167223974735,-10.327096223334424,0.5391184000962325,Portefeuille Croissance
2024-03-06,-0.0063784898072711815,-0.036987890676410506,0.006168650989659463,0.14597117065904225,0.1612431397111649,0.16350167223974735,-10.327096223334424,0.5391184000962325,Portefeuille Croissance
2024-03-07,0.0027713971315010966,-0.030804930395678998,0.0052018256025267995,0.14597117065904225,0.1612431397111649,0.16350167223974735,-10.327096223334424,0.5391184000962325,Portefeuille Croissance
2024-03-08,0.023371620793088965,-0.036941786998303416,-0.015560389736318236,0.14597117065904225,0.1612431397111649,0.16350167223974735,-10.327096223334424,0.5391184000962325,Portefeuille Croissance
2024-03-11,0.011861997689933457,-0.04173127820142086,-0.001387583474241505,0.14597117065904225,0.1612431397111649,0.16350167223974735,-10.327096223334424,0.5391184000962325,Portefeuille Croissance
2024-03-12,0.0028067496670167724,-0.036758832919496665,-0.009070085187522614,0.14597117065904225,0.1612431397111649,0.16350167223974735,-10.327096223334424,0.5391184000962325,Portefeuille Croissance
2024-03-13,0.01894532986635511,-0.03757961724858927,0.004381185808270738,0.14597117065904225,0.1612431397111649,0.16350167223974735,-10.327096223334424,0.5391184000962325,Portefeuille Croissance
2024-03-14,0.012034267325173431,-0.027153866641734692,0.004033387671251498,0.14597117065904225,0.1612431397111649,0.16350167223974735,-10.327096223334424,0.5391184000962325,Portefeuille Croissance
2024-03-15,0.012709445048190382,-0.03234374507689097,0.017405028672281997,0.14597117065904225,0.1612431397111649,0.16350167223974735,-10.327096223334424,0.5391184000962325,Portefeuille Croissance
2024-03-18,0.02286068626400195,-0.026242789151893264,0.0221045199383596,0.14597117065904225,0.1612431397111649,0.16350167223974735,-10.327096223334424,0.5391184000962325,Portefeuille Croissance
2024-03-19,0.03146944749442837,-0.02328149234808896,0.021307182450788442,0.14597117065904225,0.1612431397111649,0.16350167223974735,-10.327096223334424,0.5391184000962325,Portefeuille Croissance
2024-03-20,0.04817303859831901,-0.02397642806409428,0.02459082778518673,0.14597117065904225,0.1612431397111649,0.16350167223974735,-10.327096223334424,0.5391184000962325,Portefeuille Croissance
2024-03-21,0.06270155255174337,-0.01450188793808227,0.0069927310251352015,0.14597117065904225,0.1612431397111649,0.16350167223974735,-10.327096223334424,0.5391184000962325,Portefeuille Croissance
2024-03-22,0.07335464042621775,-0.008844564810800537,0.0075690852542580345,0.14597117065904225,0.1612431397111649,0.16350167223974735,-10.327096223334424,0.5391184000962325,Portefeuille Croissance
2024-03-25,0.06631946792517329,-0.016515847430334074,0.028821219928204522,0.14597117065904225,0.1612431397111649,0.16350167223974735,-10.327096223334424,0.5391184000962325,Portefeuille Croissance
2024-03-26,0.07437419354529684,-0.011183642773587299,0.04548639811902988,0.14597117065904225,0.1612431397111649,0.16350167223974735,-10.327096223334424,0.5391184000962325,Portefeuille Croissance
2024-03-27,0.0778427547085847,-1.0092046783038988e-05,0.03365119622764179,0.14597117065904225,0.1612431397111649,0.16350167223974735,-10.327096223334424,0.5391184000962325,Portefeuille Croissance
2024-03-28,0.06540834125911443,-0.0007536420546427891,0.040440455247565676,0.14597117065904225,0.1612431397111649,0.16350167223974735,-10.327096223334424,0.5391184000962325,Portefeuille Croissance
2024-03-29,0.07942452463119332,-0.0024416157702911168,0.04405677512533712,0.14597117065904225,0.1612431397111649,0.16350167223974735,-10.327096223334424,0.5391184000962325,Portefeuille Croissance
2024-04-01,0.0876984526544673,-0.00748644526788067,0.05481709503781507,0.14597117065904225,0.1612431397111649,0.16350167223974735,-10.327096223334424,0.5391184000962325,Portefeuille Croissance
2024-04-02,0.08857884744835132,-0.007296707528899438,0.056536272463685755,0.14597117065904225,0.1612431397111649,0.16350167223974735,-10.327096223334424,0.5391184000962325,Portefeuille Croissance
2024-04-03,0.08673062720346869,-0.0015493470984329072,0.05410407533783279,0.14597117065904225,0.1612431397111649,0.16350167223974735,-10.327096223334424,0.5391184000962325,Portefeuille Croissance
2024-04-04,0.07544524446331624,-0.007781023483132921,0.07146260726508236,0.14597117065904225,0.1612431397111649,0.16350167223974735,-10.327096223334424,0.5391184000962325,Portefeuille Croissance
2024-04-05,0.07780661750568285,-0.018170409957701472,0.07478066854364229,0.14597117065904225,0.1612431397111649,0.16350167223974735,-10.327096223334424,0.5391184000962325,Portefeuille Croissance
2024-04-08,0.0827817211982187,-0.02082724012915127,0.091510244277204,0.14597117065904225,0.1612431397111649,0.16350167223974735,-10.327096223334424,0.5391184000962325,Portefeuille Croissance
2024-04-09,0.07511519906690522,-0.031341401222918286,0.10481862967333733,0.14597117065904225,0.1612431397111649,0.16350167223974735,-10.327096223334424,0.5391184000962325,Portefeuille Croissance
2024-04-10,0.08679077428496784,-0.02699624330578787,0.10106904439391728,0.14597117065904225,0.1612431397111649,0.16350167223974735,-10.327096223334424,0.5391184000962325,Portefeuille Croissance
2024-04-11,0.07649361925876574,-0.030025708171955268,0.0994130329261147,0.14597117065904225,0.1612431397111649,0.16350167223974735,-10.327096223334424,0.5391184000962325,Portefeuille Croissance
2024-04-12,0.05635468088766871,-0.04335627317274138,0.1254229345942024,0.14597117065904225,0.1612431397111649,0.16350167223974735,-10.327096223334424,0.5391184000962325,Portefeuille Croissance
2024-04-15,0.06666210797381589,-0.04573722559148863,0.12857162926893362,0.14597117065904225,0.1612431397111649,0.16350167223974735,-10.327096223334424,0.5391184000962325,Portefeuille Croissance
2024-04-16,0.06321647540062192,-0.04692138924505829,0.11886191689443448,0.14597117065904225,0.1612431397111649,0.16350167223974735,-10.327096223334424,0.5391184000962325,Portefeuille Croissance
2024-04-17,0.062435791407347896,-0.04321097329046031,0.10330915518453043,0.14597117065904225,0.1612431397111649,0.16350167223974735,-10.327096223334424,0.5391184000962325,Portefeuille Croissance
2024-04-18,0.054852496043827026,-0.044036594526235984,0.11675804057230765,0.14597117065904225,0.1612431397111649,0.16350167223974735,-10.327096223334424,0.5391184000962325,Portefeuille Croissance
2024-04-19,0.04002795260197889,-0.02945833264395792,0.11946453121524403,0.14597117065904225,0.1612431397111649,0.16350167223974735,-10.327096223334424,0.5391184000962325,Portefeuille Croissance
2024-04-22,0.05219330139479483,-0.03319455975124441,0.10938363735191192,0.14597117065904225,0.1612431397111649,0.16350167223974735,-10.327096223334424,0.5391184000962325,Portefeuille Croissance
2024-04-23,0.04609076874227136,-0.03338713616903377,0.11891880965594437,0.14597117065904225,0.1612431397111649,0.16350167223974735,-10.327096223334424,0.5391184000962325,Portefeuille Croissance
2024-04-24,0.06214676863630797,-0.033892950098452834,0.12162321889736494,0.14597117065904225,0.1612431397111649,0.16350167223974735,-10.327096223334424,0.5391184000962325,Portefeuille Croissance
2024-04-25,0.07028894537525865,-0.03578751218090559,0.09983490178159782,0.14597117065904225,0.1612431397111649,0.16350167223974735,-10.327096223334424,0.5391184000962325,Portefeuille Croissance
2024-04-26,0.06768512146932215,-0.03439962021332443,0.10815430226343592,0.14597117065904225,0.1612431397111649,0.16350167223974735,-10.327096223334424,0.5391184000962325,Portefeuille Croissance
2024-04-29,0.05767757898445125,-0.02992903493037624,0.12643695157168766,0.14597117065904225,0.1612431397111649,0.16350167223974735,-10.327096223334424,0.5391184000962325,Portefeuille Croissance
2024-04-30,0.051128272428731414,-0.01923808689983031,0.161602288730758,0.14597117065904225,0.1612431397111649,0.16350167223974735,-10.327096223334424,0.5391184000962325,Portefeuille Croissance
2024-05-01,0.04007806764109145,-0.03125639145908077,0.16266960465468716,0.14597117065904225,0.1612431397111649,0.16350167223974735,-10.327096223334424,0.5391184000962325,Portefeuille Croissance
2024-05-02,0.06003094633804329,-0.03492089955383115,0.16649687569063087,0.14597117065904225,0.1612431397111649,0.16350167223974735,-10.327096223334424,0.5391184000962325,Portefeuille Croissance
2024-05-03,0.06202377385265612,-0.03808845457877286,0.18956920597408744,0.14597117065904225,0.1612431397111649,0.16350167223974735,-10.327096223334424,0.5391184000962325,Portefeuille Croissance
2024-05-06,0.07344249404121173,-0.030582848883874858,0.1925724723343918,0.14597117065904225,0.1612431397111649,0.16350167223974735,-10.327096223334424,0.5391184000962325,Portefeuille Croissance
2024-05-07,0.061628005139968245,-0.03305806604713257,0.19710914008724356,0.14597117065904225,0.1612431397111649,0.16350167223974735,-10.327096223334424,0.5391184000962325,Portefeuille Croissance
2024-05-08,0.06378238401347325,-0.04742818149216588,0.18864866617382336,0.14597117065904225,0.1612431397111649,0.16350167223974735,-10.327096223334424,0.5391184000962325,Portefeuille Croissance
2024-05-09,0.07548479599881941,-0.046473853406582055,0.1693539250924403,0.14597117065904225,0.1612431397111649,0.16350167223974735,-10.327096223334424,0.5391184000962325,Portefeuille Croissance
2024-05-10,0.0726722990886246,-0.04644478406766739,0.1827456646966119,0.14597117065904225,0.1612431397111649,0.16350167223974735,-10.327096223334424,0.5391184000962325,Portefeuille Croissance
2024-05-13,0.08305579926373619,-0.044787493157981695,0.16526132141364447,0.14597117065904225,0.1612431397111649,0.16350167223974735,-10.327096223334424,0.5391184000962325,Portefeuille Croissance
2024-05-14,0.07291719348230274,-0.052449542150444506,0.18179390328557954,0.14597117065904225,0.1612431397111649,0.16350167223974735,-10.327096223334424,0.5391184000962325,Portefeuille Croissance
2024-05-15,0.06018033179228932,-0.03913430022012254,0.17120740920994493,0.14597117065904225,0.1612431397111649,0.16350167223974735,-10.327096223334424,0.5391184000962325,Portefeuille Croissance
2024-05-16,0.06422450152616288,-0.04133552657240824,0.175520740641552,0.14597117065904225,0.1612431397111649,0.16350167223974735,-10.327096223334424,0.5391184000962325,Portefeuille Croissance
2024-05-17,0.06101843165811238,-0.04249203529994727,0.1708571433154784,0.14597117065904225,0.1612431397111649,0.16350167223974735,-10.327096223334424,0.5391184000962325,Portefeuille Croissance
2024-05-20,0.067573925765825,-0.04909890590166177,0.1879460408369651,0.14597117065904225,0.1612431397111649,0.16350167223974735,-10.327096223334424,0.5391184000962325,Portefeuille Croissance
2024-05-21,0.04899708108212808,-0.05589596216616999,0.1928286853661998,0.14597117065904225,0.1612431397111649,0.16350167223974735,-10.327096223334424,0.5391184000962325,Portefeuille Croissance
2024-05-22,0.056141151626660335,-0.06484785816207972,0.2214674813149402,0.14597117065904225,0.1612431397111649,0.16350167223974735,-10.327096223334424,0.5391184000962325,Portefeuille Croissance
2024-05-23,0.08126118940551175,-0.06750975640313828,0.20619409050882287,0.14597117065904225,0.1612431397111649,0.16350167223974735,-10.327096223334424,0.5391184000962325,Portefeuille Croissance
2024-05-24,0.08145404981951798,-0.07437349510674807,0.21278757799281567,0.14597117065904225,0.1612431397111649,0.16350167223974735,-10.327096223334424,0.5391184000962325,Portefeuille Croissance
2024-05-27,0.08221893973165684,-0.058867641735396714,0.21408295952280798,0.14597117065904225,0.1612431397111649,0.16350167223974735,-10.327096223334424,0.5391184000962325,Portefeuille Croissance
2024-05-28,0.08440063398360476,-0.07280387232806274,0.21876849763646145,0.14597117065904225,0.1612431397111649,0.16350167223974735,-10.327096223334424,0.5391184000962325,Portefeuille Croissance
2024-05-29,0.06666224546599597,-0.08089518320982603,0.24271858326931817,0.14597117065904225,0.1612431397111649,0.16350167223974735,-10.327096223334424,0.5391184000962325,Portefeuille Croissance
2024-05-30,0.07117990114849104,-0.08357098724258027,0.252068569678372,0.14597117065904225,0.1612431397111649,0.16350167223974735,-10.327096223334424,0.5391184000962325,Portefeuille Croissance
2024-05-31,0.056131229250869774,-0.0783584029620461,0.23545323799786644,0.14597117065904225,0.1612431397111649,0.16350167223974735,-10.327096223334424,0.5391184000962325,Portefeuille Croissance
2024-06-03,0.052488509725342025,-0.08113259490645919,0.24398049663316335,0.14597117065904225,0.1612431397111649,0.16350167223974735,-10.327096223334424,0.5391184000962325,Portefeuille Croissance
2024-06-04,0.06468245840964126,-0.07588796885399607,0.23839821810595274,0.14597117065904225,0.1612431397111649,0.16350167223974735,-10.327096223334424,0.5391184000962325,Portefeuille Croissance
2024-06-05,0.05806337802643924,-0.08290607401645111,0.2319829937973985,0.14597117065904225,0.1612431397111649,0.16350167223974735,-10.327096223334424,0.5391184000962325,Portefeuille Croissance
2024-06-06,0.06325978216985595,-0.0821959415285799,0.2480607265992032,0.14597117065904225,0.1612431397111649,0.16350167223974735,-10.327096223334424,0.5391184000962325,Portefeuille Croissance
2024-06-07,0.07337632843586483,-0.06911509640864277,0.23966367443999714,0.14597117065904225,0.1612431397111649,0.16350167223974735,-10.327096223334424,0.5391184000962325,Portefeuille Croissance
2024-06-10,0.07649842349755165,-0.07604270012549974,0.23463465155900565,0.14597117065904225,0.1612431397111649,0.16350167223974735,-10.327096223334424,0.5391184000962325,Portefeuille Croissance
2024-06-11,0.0636466080661715,-0.0726642120000579,0.23573210231577213,0.14597117065904225,0.1612431397111649,0.16350167223974735,-10.327096223334424,0.5391184000962325,Portefeuille Croissance
2024-06-12,0.06088934091935738,-0.07085088091043068,0.2503807558153306,0.14597117065904225,0.1612431397111649,0.16350167223974735,-10.327096223334424,0.5391184000962325,Portefeuille Croissance
2024-06-13,0.0800221641242711,-0.08730823016534361,0.25973245056055116,0.14597117065904225,0.1612431397111649,0.16350167223974735,-10.327096223334424,0.5391184000962325,Portefeuille Croissance
2024-06-14,0.06077032422329176,-0.09133481119790365,0.25681871592857264,0.14597117065904225,0.1612431397111649,0.16350167223974735,-10.327096223334424,0.5391184000962325,Portefeuille Croissance
2024-06-17,0.05856172177887542,-0.08283950476447333,0.25334220757320236,0.14597117065904225,0.1612431397111649,0.16350167223974735,-10.327096223334424,0.5391184000962325,Portefeuille Croissance
2024-06-18,0.053725182230724755,-0.0815732533759721,0.23652040502429794,0.14597117065904225,0.1612431397111649,0.16350167223974735,-10.327096223334424,0.5391184000962325,Portefeuille Croissance
2024-06-19,0.05529178313826777,-0.09020476726899218,0.22586404612883082,0.14597117065904225,0.1612431397111649,0.16350167223974735,-10.327096223334424,0.5391184000962325,Portefeuille Croissance
2024-06-20,0.06282017198702383,-0.08490410174095231,0.21685079120500617,0.14597117065904225,0.1612431397111649,0.16350167223974735,-10.327096223334424,0.5391184000962325,Portefeuille Croissance
2024-06-21,0.07863304295758322,-0.08813712050762634,0.21527923899358714,0.14597117065904225,0.1612431397111649,0.16350167223974735,-10.327096223334424,0.5391184000962325,Portefeuille Croissance
2024-06-24,0.07644116188907946,-0.08523702649440967,0.24486054107554223,0.14597117065904225,0.1612431397111649,0.16350167223974735,-10.327096223334424,0.5391184000962325,Portefeuille Croissance
2024-06-25,0.08474167715965208,-0.08220425708510182,0.23539258840819954,0.14597117065904225,0.1612431397111649,0.16350167223974735,-10.327096223334424,0.5391184000962325,Portefeuille Croissance
2024-06-26,0.09005437449648146,-0.09014279084501953,0.23162470424728765,0.14597117065904225,0.1612431397111649,0.16350167223974735,-10.327096223334424,0.5391184000962325,Portefeuille Croissance
2024-06-27,0.09514397536996166,-0.08412078783110744,0.20190710165708836,0.14597117065904225,0.1612431397111649,0.16350167223974735,-10.327096223334424,0.5391184000962325,Portefeuille Croissance
2024-06-28,0.09002383189450636,-0.09122807500448471,0.2111700231675382,0.14597117065904225,0.1612431397111649,0.16350167223974735,-10.327096223334424,0.5391184000962325,Portefeuille Croissance
2024-07-01,0.0806759039060323,-0.10044873571008395,0.18884890387314113,0.14597117065904225,0.1612431397111649,0.16350167223974735,-10.327096223334424,0.5391184000962325,Portefeuille Croissance
2024-07-02,0.07040906350199183,-0.10653206978725416,0.17650975280882197,0.14597117065904225,0.1612431397111649,0.16350167223974735,-10.327096223334424,0.5391184000962325,Portefeuille Croissance
2024-07-03,0.0635499519231939,-0.1087377921779743,0.1918138204052473,0.14597117065904225,0.1612431397111649,0.16350167223974735,-10.327096223334424,0.5391184000962325,Portefeuille Croissance
2024-07-04,0.06705453958463492,-0.10769035832560747,0.16230553379541646,0.14597117065904225,0.1612431397111649,0.16350167223974735,-10.327096223334424,0.5391184000962325,Portefeuille Croissance
2024-07-05,0.07478913193945447,-0.11293773674027885,0.1642245524758852,0.14597117065904225,0.1612431397111649,0.16350167223974735,-10.327096223334424,0.5391184000962325,Portefeuille Croissance
2024-07-08,0.07834799481200849,-0.10738600922151886,0.17599620826556372,0.14597117065904225,0.1612431397111649,0.16350167223974735,-10.327096223334424,0.5391184000962325,Portefeuille Croissance
2024-07-09,0.07345165236491269,-0.10532254143342934,0.19811120602538845,0.14597117065904225,0.1612431397111649,0.16350167223974735,-10.327096223334424,0.5391184000962325,Portefeuille Croissance
2024-07-10,0.09132862741351677,-0.11002710060631682,0.1854817752619835,0.14597117065904225,0.1612431397111649,0.16350167223974735,-10.327096223334424,0.5391184000962325,Portefeuille Croissance
2024-07-11,0.10668339269085259,-0.10343067190119992,0.17719727510237515,0.14597117065904225,0.1612431397111649,0.16350167223974735,-10.327096223334424,0.5391184000962325,Portefeuille Croissance
2024-07-12,0.10360017163580726,-0.09483387488443529,0.20327600401598978,0.14597117065904225,0.1612431397111649,0.16350167223974735,-10.327096223334424,0.5391184000962325,Portefeuille Croissance
2024-07-15,0.09586296033567687,-0.09527693340385479,0.20351579077041126,0.14597117065904225,0.1612431397111649,0.16350167223974735,-10.327096223334424,0.5391184000962325,Portefeuille Croissance
2024-07-16,0.09758558522610272,-0.09656151744152319,0.1934842854129768,0.14597117065904225,0.1612431397111649,0.16350167223974735,-10.327096223334424,0.5391184000962325,Portefeuille Croissance
2024-07-17,0.11054333798508709,-0.10911043229508854,0.18380533069369265,0.14597117065904225,0.1612431397111649,0.16350167223974735,-10.327096223334424,0.5391184000962325,Portefeuille Croissance
2024-07-18,0.11431350467772017,-0.11174755516293666,0.17058142503617124,0.14597117065904225,0.1612431397111649,0.16350167223974735,-10.327096223334424,0.5391184000962325,Portefeuille Croissance
2024-07-19,0.1203407577206208,-0.11355253183046643,0.16499065034737304,0.14597117065904225,0.1612431397111649,0.16350167223974735,-10.327096223334424,0.5391184000962325,Portefeuille Croissance
2024-07-22,0.11865047597971934,-0.11154646995556528,0.18078634583950737,0.14597117065904225,0.1612431397111649,0.16350167223974735,-10.327096223334424,0.5391184000962325,Portefeuille Croissance
2024-07-23,0.12369160505695431,-0.11247704635843103,0.19395588363728122,0.14597117065904225,0.1612431397111649,0.16350167223974735,-10.327096223334424,0.5391184000962325,Portefeuille Croissance
2024-07-24,0.13976140640262402,-0.11047815340108613,0.17772853833463365,0.14597117065904225,0.1612431397111649,0.16350167223974735,-10.327096223334424,0.5391184000962325,Portefeuille Croissance
2024-07-25,0.13775882391815464,-0.09929444223117811,0.1813500923331015,0.14597117065904225,0.1612431397111649,0.16350167223974735,-10.327096223334424,0.5391184000962325,Portefeuille Croissance
2024-07-26,0.13968137418249071,-0.10284260315408278,0.1762396700973412,0.14597117065904225,0.1612431397111649,0.16350167223974735,-10.327096223334424,0.5391184000962325,Portefeuille Croissance
2024-07-29,0.14274067592922202,-0.10609729125463119,0.18787183924592554,0.14597117065904225,0.1612431397111649,0.16350167223974735,-10.327096223334424,0.5391184000962325,Portefeuille Croissance
2024-07-30,0.14611579274308206,-0.11519125180721201,0.18623695136433405,0.14597117065904225,0.1612431397111649,0.16350167223974735,-10.327096223334424,0.5391184000962325,Portefeuille Croissance
2024-07-31,0.13201054581400773,-0.11498711203664524,0.1921186655107534,0.14597117065904225,0.1612431397111649,0.16350167223974735,-10.327096223334424,0.5391184000962325,Portefeuille Croissance
2024-08-01,0.1133416340283202,-0.10780567154133192,0.1904458101115598,0.14597117065904225,0.1612431397111649,0.16350167223974735,-10.327096223334424,0.5391184000962325,Portefeuille Croissance
2024-08-02,0.10356995069668318,-0.12003637351704688,0.1597977456268289,0.14597117065904225,0.1612431397111649,0.16350167223974735,-10.327096223334424,0.5391184000962325,Portefeuille Croissance
2024-08-05,0.10567940331286851,-0.12445982372044062,0.16103180446177245,0.14597117065904225,0.1612431397111649,0.16350167223974735,-10.327096223334424,0.5391184000962325,Portefeuille Croissance
2024-08-06,0.11163316127052192,-0.123945422836374,0.14389385649642317,0.14597117065904225,0.1612431397111649,0.16350167223974735,-10.327096223334424,0.5391184000962325,Portefeuille Croissance
2024-08-07,0.10676857558864716,-0.1177247142858523,0.1547214306262441,0.14597117065904225,0.1612431397111649,0.16350167223974735,-10.327096223334424,0.5391184000962325,Portefeuille Croissance
2024-08-08,0.12093003074166919,-0.11475765610390709,0.145878649303659,0.14597117065904225,0.1612431397111649,0.16350167223974735,-10.327096223334424,0.5391184000962325,Portefeuille Croissance
2024-08-09,0.11993399051023967,-0.11218716992021915,0.1381323356064803,0.14597117065904225,0.1612431397111649,0.16350167223974735,-10.327096223334424,0.5391184000962325,Portefeuille Croissance
2024-08-12,0.12058673729921066,-0.11351400822588242,0.13857981065798652,0.14597117065904225,0.1612431397111649,0.16350167223974735,-10.327096223334424,0.5391184000962325,Portefeuille Croissance
2024-08-13,0.11907879192642157,-0.10983066419920084,0.1470434749353169,0.14597117065904225,0.1612431397111649,0.16350167223974735,-10.327096223334424,0.5391184000962325,Portefeuille Croissance
2024-08-14,0.12087630231500657,-0.10234039568401943,0.14528055420937935,0.14597117065904225,0.1612431397111649,0.16350167223974735,-10.327096223334424,0.5391184000962325,Portefeuille Croissance
2024-08-15,0.12843130749264975,-0.11434384085805593,0.168422314429854,0.14597117065904225,0.1612431397111649,0.16350167223974735,-10.327096223334424,0.5391184000962325,Portefeuille Croissance
2024-08-16,0.13564297762917032,-0.10891628909109263,0.19212471256855523,0.14597117065904225,0.1612431397111649,0.16350167223974735,-10.327096223334424,0.5391184000962325,Portefeuille Croissance
2024-08-19,0.12691464548922382,-0.10935299001222276,0.21726140495317203,0.14597117065904225,0.1612431397111649,0.16350167223974735,-10.327096223334424,0.5391184000962325,Portefeuille Croissance
2024-08-20,0.14281876256805526,-0.11286205988714226,0.21444730997728967,0.14597117065904225,0.1612431397111649,0.16350167223974735,-10.327096223334424,0.5391184000962325,Portefeuille Croissance
2024-08-21,0.13201313904357925,-0.12993468026690502,0.19345740810613177,0.14597117065904225,0.1612431397111649,0.16350167223974735,-10.327096223334424,0.5391184000962325,Portefeuille Croissance
2024-08-22,0.1332731184874567,-0.1392816271970594,0.2115274777056504,0.14597117065904225,0.1612431397111649,0.16350167223974735,-10.327096223334424,0.5391184000962325,Portefeuille Croissance
2024-08-23,0.1309277313896502,-0.12733100710337486,0.20608027640425663,0.14597117065904225,0.1612431397111649,0.16350167223974735,-10.327096223334424,0.5391184000962325,Portefeuille Croissance
2024-08-26,0.12070309848131822,-0.13187620604058925,0.20723569617600313,0.14597117065904225,0.1612431397111649,0.16350167223974735,-10.327096223334424,0.5391184000962325,Portefeuille Croissance
2024-08-27,0.12039368883939261,-0.1391494775525527,0.21694167950559184,0.14597117065904225,0.1612431397111649,0.16350167223974735,-10.327096223334424,0.5391184000962325,Portefeuille Croissance
2024-08-28,0.1133718186291095,-0.14203453857825676,0.19412008401054748,0.14597117065904225,0.1612431397111649,0.16350167223974735,-10.327096223334424,0.5391184000962325,Portefeuille Croissance
2024-08-29,0.11454772318689854,-0.14689163358006252,0.2180615402594528,0.14597117065904225,0.1612431397111649,0.16350167223974735,-10.327096223334424,0.5391184000962325,Portefeuille Croissance
2024-08-30,0.11903686913910416,-0.14578696995074658,0.2314596665766615,0.14597117065904225,0.1612431397111649,0.16350167223974735,-10.327096223334424,0.5391184000962325,Portefeuille Croissance
2024-09-02,0.13430877298060762,-0.13516415658413194,0.237281095349976,0.14597117065904225,0.1612431397111649,0.16350167223974735,-10.327096223334424,0.5391184000962325,Portefeuille Croissance
2024-09-03,0.13790051403258352,-0.138963317836039,0.2511275093324261,0.14597117065904225,0.1612431397111649,0.16350167223974735,-10.327096223334424,0.5391184000962325,Portefeuille Croissance
2024-09-04,0.13209605157789328,-0.13764221168564506,0.26011489680723243,0.14597117065904225,0.1612431397111649,0.16350167223974735,-10.327096223334424,0.5391184000962325,Portefeuille Croissance
2024-09-05,0.12855872882560648,-0.14529813541948688,0.2625115564411702,0.14597117065904225,0.1612431397111649,0.16350167223974735,-10.327096223334424,0.5391184000962325,Portefeuille Croissance
2024-09-06,0.13043191393863718,-0.13464741211909959,0.2584799885575906,0.14597117065904225,0.1612431397111649,0.16350167223974735,-10.327096223334424,0.5391184000962325,Portefeuille Croissance
2024-09-09,0.13183494664315742,-0.13307909248581562,0.24794687942018512,0.14597117065904225,0.1612431397111649,0.16350167223974735,-10.327096223334424,0.5391184000962325,Portefeuille Croissance
2024-09-10,0.14715580789555105,-0.14032182914259572,0.2528719908468344,0.14597117065904225,0.1612431397111649,0.16350167223974735,-10.327096223334424,0.5391184000962325,Portefeuille Croissance
2024-09-11,0.16202085517562215,-0.13384462715357592,0.2589289212014112,0.14597117065904225,0.1612431397111649,0.16350167223974735,-10.327096223334424,0.5391184000962325,Portefeuille Croissance
2024-09-12,0.15873184423000475,-0.12526977454836863,0.27592242926339083,0.14597117065904225,0.1612431397111649,0.16350167223974735,-10.327096223334424,0.5391184000962325,Portefeuille Croissance
2024-09-13,0.15347377502255743,-0.12387750939141984,0.2796327097473945,0.14597117065904225,0.1612431397111649,0.16350167223974735,-10.327096223334424,0.5391184000962325,Portefeuille Croissance
2024-09-16,0.12738970568872987,-0.13510517307862113,0.26717111129108195,0.14597117065904225,0.1612431397111649,0.16350167223974735,-10.327096223334424,0.5391184000962325,Portefeuille Croissance
2024-09-17,0.12227103656200855,-0.12249383845461048,0.2438364161000579,0.14597117065904225,0.1612431397111649,0.16350167223974735,-10.327096223334424,0.5391184000962325,Portefeuille Croissance
2024-09-18,0.11284113245601124,-0.12005351122467667,0.24255433675901505,0.14597117065904225,0.1612431397111649,0.16350167223974735,-10.327096223334424,0.5391184000962325,Portefeuille Croissance
2024-09-19,0.10973249964306975,-0.11155003008416253,0.24276619162696278,0.14597117065904225,0.1612431397111649,0.16350167223974735,-10.327096223334424,0.5391184000962325,Portefeuille Croissance
2024-09-20,0.11408737648368317,-0.1151990235052931,0.24192471588942754,0.14597117065904225,0.1612431397111649,0.16350167223974735,-10.327096223334424,0.5391184000962325,Portefeuille Croissance
2024-09-23,0.11630968106880957,-0.11775520591521438,0.21973629670481043,0.14597117065904225,0.1612431397111649,0.16350167223974735,-10.327096223334424,0.5391184000962325,Portefeuille Croissance
2024-09-24,0.11645512275373138,-0.11671095903169237,0.23607293443062516,0.14597117065904225,0.1612431397111649,0.16350167223974735,-10.327096223334424,0.5391184000962325,Portefeuille Croissance
2024-09-25,0.118907125035846,-0.10857832831616332,0.2526011540736577,0.14597117065904225,0.1612431397111649,0.16350167223974735,-10.327096223334424,0.5391184000962325,Portefeuille Croissance
2024-09-26,0.11808466121030392,-0.10729118653511505,0.24085247928276043,0.14597117065904225,0.1612431397111649,0.16350167223974735,-10.327096223334424,0.5391184000962325,Portefeuille Croissance
2024-09-27,0.12051444969279212,-0.11599926686315154,0.2534741643399687,0.14597117065904225,0.1612431397111649,0.16350167223974735,-10.327096223334424,0.5391184000962325,Portefeuille Croissance
2024-09-30,0.0883786610555366,-0.11388127750696708,0.268433087841339,0.14597117065904225,0.1612431397111649,0.16350167223974735,-10.327096223334424,0.5391184000962325,Portefeuille Croissance
2024-10-01,0.0861761729297057,-0.10206375582063032,0.26965251491506814,0.14597117065904225,0.1612431397111649,0.16350167223974735,-10.327096223334424,0.5391184000962325,Portefeuille Croissance
2024-10-02,0.08552701269123886,-0.10132165617843192,0.2558361771788362,0.14597117065904225,0.1612431397111649,0.16350167223974735,-10.327096223334424,0.5391184000962325,Portefeuille Croissance
2024-10-03,0.08262718419425874,-0.10012184492951004,0.28077781006230307,0.14597117065904225,0.1612431397111649,0.16350167223974735,-10.327096223334424,0.5391184000962325,Portefeuille Croissance
2024-10-04,0.08093664413552104,-0.10894096575460566,0.2872727076043653,0.14597117065904225,0.1612431397111649,0.16350167223974735,-10.327096223334424,0.5391184000962325,Portefeuille Croissance
2024-10-07,0.08821112189993241,-0.11867481685683712,0.2840384999819965,0.14597117065904225,0.1612431397111649,0.16350167223974735,-10.327096223334424,0.5391184000962325,Portefeuille Croissance
2024-10-08,0.08278862248599772,-0.1229065324301224,0.29658887814292134,0.14597117065904225,0.1612431397111649,0.16350167223974735,-10.327096223334424,0.5391184000962325,Portefeuille Croissance
2024-10-09,0.10466779468561249,-0.12493449634901599,0.32247722238249965,0.14597117065904225,0.1612431397111649,0.16350167223974735,-10.327096223334424,0.5391184000962325,Portefeuille Croissance
2024-10-10,0.11195271687146247,-0.12394349702198415,0.31524866535522245,0.14597117065904225,0.1612431397111649,0.16350167223974735,-10.327096223334424,0.5391184000962325,Portefeuille Croissance
2024-10-11,0.11233437767510401,-0.12251757857746937,0.3268190006460461,0.14597117065904225,0.1612431397111649,0.16350167223974735,-10.327096223334424,0.5391184000962325,Portefeuille Croissance
2024-10-14,0.11071041316642849,-0.1110091674149658,0.3584210721761629,0.14597117065904225,0.1612431397111649,0.16350167223974735,-10.327096223334424,0.5391184000962325,Portefeuille Croissance
2024-10-15,0.1102897864915946,-0.11032508940703134,0.34089910032093473,0.14597117065904225,0.1612431397111649,0.16350167223974735,-10.327096223334424,0.5391184000962325,Portefeuille Croissance
2024-10-16,0.10158759758483016,-0.10248226565269258,0.3327316261554132,0.14597117065904225,0.1612431397111649,0.16350167223974735,-10.327096223334424,0.5391184000962325,Portefeuille Croissance
2024-10-17,0.10108436719531722,-0.10249540053497952,0.32383662748333575,0.14597117065904225,0.1612431397111649,0.16350167223974735,-10.327096223334424,0.5391184000962325,Portefeuille Croissance
2024-10-18,0.10428648751516412,-0.09182296791021527,0.3219833546392734,0.14597117065904225,0.1612431397111649,0.16350167223974735,-10.327096223334424,0.5391184000962325,Portefeuille Croissance
2024-10-21,0.11048802188544227,-0.10513973104920304,0.3193133649115891,0.14597117065904225,0.1612431397111649,0.16350167223974735,-10.327096223334424,0.5391184000962325,Portefeuille Croissance
2024-10-22,0.11672586409953922,-0.10915752312659177,0.32473514291318195,0.14597117065904225,0.1612431397111649,0.16350167223974735,-10.327096223334424,0.5391184000962325,Portefeuille Croissance
2024-10-23,0.11440988865378543,-0.10188444713894684,0.3123561471017404,0.14597117065904225,0.1612431397111649,0.16350167223974735,-10.327096223334424,0.5391184000962325,Portefeuille Croissance
2024-10-24,0.10065278802102884,-0.10284791680212757,0.30320645008878744,0.14597117065904225,0.1612431397111649,0.16350167223974735,-10.327096223334424,0.5391184000962325,Portefeuille Croissance
2024-10-25,0.09446500209691289,-0.09589298131147606,0.3085697777387495,0.14597117065904225,0.1612431397111649,0.16350167223974735,-10.327096223334424,0.5391184000962325,Portefeuille Croissance
2024-10-28,0.11078318785559227,-0.09283662147642979,0.3116566183619489,0.14597117065904225,0.1612431397111649,0.16350167223974735,-10.327096223334424,0.5391184000962325,Portefeuille Croissance
2024-10-29,0.12018543971960072,-0.08569995278117026,0.3260703574710684,0.14597117065904225,0.1612431397111649,0.16350167223974735,-10.327096223334424,0.5391184000962325,Portefeuille Croissance
2024-10-30,0.1243598962048067,-0.08094143994552372,0.33324739542063275,0.14597117065904225,0.1612431397111649,0.16350167223974735,-10.327096223334424,0.5391184000962325,Portefeuille Croissance
2024-10-31,0.11710592170111034,-0.07571273982476268,0.34626276931665,0.14597117065904225,0.1612431397111649,0.16350167223974735,-10.327096223334424,0.5391184000962325,Portefeuille Croissance
2024-11-01,0.1175894122876513,-0.06439979364091741,0.32847133536591744,0.14597117065904225,0.1612431397111649,0.16350167223974735,-10.327096223334424,0.5391184000962325,Portefeuille Croissance
2024-11-04,0.10540654979662856,-0.056735551215293945,0.3230232800876518,0.14597117065904225,0.1612431397111649,0.16350167223974735,-10.327096223334424,0.5391184000962325,Portefeuille Croissance
2024-11-05,0.10035768067932871,-0.04895319159421396,0.35303018819328846,0.14597117065904225,0.1612431397111649,0.16350167223974735,-10.327096223334424,0.5391184000962325,Portefeuille Croissance
2024-11-06,0.09836952132843657,-0.04851252398869521,0.3600726244847321,0.14597117065904225,0.1612431397111649,0.16350167223974735,-10.327096223334424,0.5391184000962325,Portefeuille Croissance
2024-11-07,0.09523394062726354,-0.052656063246334206,0.37295076527775506,0.14597117065904225,0.1612431397111649,0.16350167223974735,-10.327096223334424,0.5391184000962325,Portefeuille Croissance
2024-11-08,0.10510136032657358,-0.057370502069703955,0.37813065705365956,0.14597117065904225,0.1612431397111649,0.16350167223974735,-10.327096223334424,0.5391184000962325,Portefeuille Croissance
2024-11-11,0.09143287743292405,-0.051424812991345825,0.38585374298991937,0.14597117065904225,0.1612431397111649,0.16350167223974735,-10.327096223334424,0.5391184000962325,Portefeuille Croissance
2024-11-12,0.08336839947498942,-0.06964474591966119,0.38270667893243204,0.14597117065904225,0.1612431397111649,0.16350167223974735,-10.327096223334424,0.5391184000962325,Portefeuille Croissance
2024-11-13,0.07039810527228463,-0.07909476010750194,0.4426593895411133,0.14597117065904225,0.1612431397111649,0.16350167223974735,-10.327096223334424,0.5391184000962325,Portefeuille Croissance
2024-11-14,0.058906119704670745,-0.08591501146890645,0.4365225025016437,0.14597117065904225,0.1612431397111649,0.16350167223974735,-10.327096223334424,0.5391184000962325,Portefeuille Croissance
2024-11-15,0.06051195408394783,-0.08745156185317271,0.43658017225355894,0.14597117065904225,0.1612431397111649,0.16350167223974735,-10.327096223334424,0.5391184000962325,Portefeuille Croissance
2024-11-18,0.045660582011621376,-0.10638831468628551,0.3954968009063755,0.14597117065904225,0.1612431397111649,0.16350167223974735,-10.327096223334424,0.5391184000962325,Portefeuille Croissance
2024-11-19,0.05317346403878376,-0.09712176666431438,0.4147200482863025,0.14597117065904225,0.1612431397111649,0.16350167223974735,-10.327096223334424,0.5391184000962325,Portefeuille Croissance
2024-11-20,0.05125527498337523,-0.09251582193776087,0.40605200847471146,0.14597117065904225,0.1612431397111649,0.16350167223974735,-10.327096223334424,0.5391184000962325,Portefeuille Croissance
2024-11-21,0.05232660397019573,-0.07783575967104639,0.4057292783806157,0.14597117065904225,0.1612431397111649,0.16350167223974735,-10.327096223334424,0.5391184000962325,Portefeuille Croissance
2024-11-22,0.055802639360731376,-0.06972282080854286,0.39752475826924405,0.14597117065904225,0.1612431397111649,0.16350167223974735,-10.327096223334424,0.5391184000962325,Portefeuille Croissance
2024-11-25,0.05209941299444254,-0.06177543063333524,0.39589776645352304,0.14597117065904225,0.1612431397111649,0.16350167223974735,-10.327096223334424,0.5391184000962325,Portefeuille Croissance
2024-11-26,0.06229669448549546,-0.04460084686254273,0.39183435665907473,0.14597117065904225,0.1612431397111649,0.16350167223974735,-10.327096223334424,0.5391184000962325,Portefeuille Croissance
2024-11-27,0.060863566437489025,-0.048678170097886,0.3918113895697668,0.14597117065904225,0.1612431397111649,0.16350167223974735,-10.327096223334424,0.5391184000962325,Portefeuille Croissance
2024-11-28,0.06695995927124998,-0.05983495591336052,0.39162541880522617,0.14597117065904225,0.1612431397111649,0.16350167223974735,-10.327096223334424,0.5391184000962325,Portefeuille Croissance
2024-11-29,0.06547473879678467,-0.06130054081547409,0.38974607914048653,0.14597117065904225,0.1612431397111649,0.16350167223974735,-10.327096223334424,0.5391184000962325,Portefeuille Croissance
2024-12-02,0.06869020249998159,-0.06721428773594162,0.38764127157162065,0.14597117065904225,0.1612431397111649,0.16350167223974735,-10.327096223334424,0.5391184000962325,Portefeuille Croissance
2024-12-03,0.07180753338140677,-0.06885110548646167,0.41012414271613373,0.14597117065904225,0.1612431397111649,0.16350167223974735,-10.327096223334424,0.5391184000962325,Portefeuille Croissance
2024-12-04,0.07464753337280539,-0.07639504283231524,0.4257440921277038,0.14597117065904225,0.1612431397111649,0.16350167223974735,-10.327096223334424,0.5391184000962325,Portefeuille Croissance
2024-12-05,0.06565405464008656,-0.07192198658214699,0.4416401518853199,0.14597117065904225,0.1612431397111649,0.16350167223974735,-10.327096223334424,0.5391184000962325,Portefeuille Croissance
2024-12-06,0.0702607513017719,-0.06783485834633762,0.4296898393666919,0.14597117065904225,0.1612431397111649,0.16350167223974735,-10.327096223334424,0.5391184000962325,Portefeuille Croissance
2024-12-09,0.06761655128121258,-0.06775597920744758,0.4519670519647512,0.14597117065904225,0.1612431397111649,0.16350167223974735,-10.327096223334424,0.5391184000962325,Portefeuille Croissance
2024-12-10,0.07410167301234671,-0.06515254605306375,0.4724103619934046,0.14597117065904225,0.1612431397111649,0.16350167223974735,-10.327096223334424,0.5391184000962325,Portefeuille Croissance
2024-12-11,0.05372334239342935,-0.06593445790158392,0.4633685079572081,0.14597117065904225,0.1612431397111649,0.16350167223974735,-10.327096223334424,0.5391184000962325,Portefeuille Croissance
2024-12-12,0.040250387267899645,-0.06003464835074368,0.4908596768442737,0.14597117065904225,0.1612431397111649,0.16350167223974735,-10.327096223334424,0.5391184000962325,Portefeuille Croissance
2024-12-13,0.04406915690366264,-0.05922897961261586,0.4793819785795883,0.14597117065904225,0.1612431397111649,0.16350167223974735,-10.327096223334424,0.5391184000962325,Portefeuille Croissance
2024-12-16,0.0619920116648045,-0.06094453671762412,0.4474208451004025,0.14597117065904225,0.1612431397111649,0.16350167223974735,-10.327096223334424,0.5391184000962325,Portefeuille Croissance
2024-12-17,0.07039823993492966,-0.05367936907798221,0.46727701560828705,0.14597117065904225,0.1612431397111649,0.16350167223974735,-10.327096223334424,0.5391184000962325,Portefeuille Croissance
