Date,Portfolio_CumReturn,SP500_CumReturn,NASDAQ_CumReturn,Vol_Daily,Vol_Weekly,Vol_Monthly,Drawdown_Current,Drawdown_Max,Return_Port_Daily,Return_Port_Weekly,Return_Port_Monthly,Return_SP_Weekly,Return_SP_Monthly,Return_NASDAQ_Weekly,Return_NASDAQ_Monthly,Sharpe_Monthly_Rolling
2024-01-03,102.45,,,,,,0.0,0.0,2.45,,,,,,,
2024-01-04,99.87,99.66,99.44,,,,-2.52,-2.52,-2.52,,,,,,,
2024-01-05,97.66,99.84,99.53,,,,-4.67,-4.67,-2.21,,,,,,,
2024-01-08,97.49,101.25,101.72,,,,-4.84,-4.84,-0.18,,,,,,,
2024-01-09,96.33,101.1,101.82,,31.75,,-5.97,-5.97,-1.18,-3.67,,,,,,
2024-01-10,95.52,101.67,102.59,,15.38,,-6.76,-6.76,-0.85,-6.76,,1.67,,2.59,,
2024-01-11,96.82,101.6,102.59,,21.0,,-5.5,-6.76,1.36,-3.05,,1.95,,3.17,,
2024-01-12,96.09,101.68,102.61,,15.95,,-6.2,-6.76,-0.75,-1.6,,1.84,,3.09,,
2024-01-15,96.09,101.68,102.61,,16.09,,-6.2,-6.76,0.0,-1.43,,0.43,,0.87,,
2024-01-16,92.91,101.3,102.41,,27.01,,-9.31,-9.31,-3.31,-3.55,,0.2,,0.58,,
2024-01-17,92.2,100.73,101.81,,26.99,,-10.0,-10.0,-0.76,-3.47,,-0.92,,-0.76,,
2024-01-18,91.02,101.62,103.18,,19.93,,-11.15,-11.15,-1.28,-5.98,,0.01,,0.57,,
2024-01-19,92.86,102.87,104.93,,30.75,,-9.36,-11.15,2.01,-3.37,,1.17,,2.26,,
2024-01-22,91.8,103.1,105.26,,30.25,,-10.39,-11.15,-1.14,-4.47,,1.39,,2.59,,
2024-01-23,99.01,103.4,105.71,,61.63,,-3.36,-11.15,7.85,6.56,,2.07,,3.22,,
2024-01-24,100.59,103.48,106.1,,58.77,,-1.81,-11.15,1.59,9.1,,2.73,,4.22,,
2024-01-25,98.78,104.02,106.29,,60.58,,-3.58,-11.15,-1.8,8.52,,2.37,,3.02,,
2024-01-26,99.0,103.96,105.92,,61.34,,-3.37,-11.15,0.22,6.61,,1.06,,0.94,,
2024-01-29,98.42,104.74,107.1,,60.03,,-3.93,-11.15,-0.58,7.21,,1.6,,1.74,,
2024-01-30,96.74,104.68,106.29,,22.51,,-5.58,-11.15,-1.71,-2.3,,1.24,,0.54,,
2024-01-31,96.54,102.99,103.92,,14.32,37.34,-5.77,-11.15,-0.21,-4.03,-3.46,-0.47,,-2.05,,-0.959
2024-02-01,96.92,104.28,105.27,,13.31,36.21,-5.39,-11.15,0.4,-1.88,-5.39,0.25,4.28,-0.96,5.27,-1.667
2024-02-02,96.11,105.39,107.1,,12.43,35.34,-6.19,-11.15,-0.84,-2.92,-3.76,1.38,5.76,1.12,7.71,-1.138
2024-02-05,99.83,105.06,106.89,,34.01,37.12,-2.56,-11.15,3.87,1.43,2.22,0.3,5.23,-0.19,7.39,0.882
2024-02-06,104.64,105.3,106.97,,40.63,40.49,0.0,-11.15,4.82,8.17,7.34,0.59,4.0,0.64,5.16,2.291
2024-02-07,98.5,106.17,107.98,,67.54,45.67,-5.87,-11.15,-5.87,2.04,2.25,3.08,5.02,3.91,6.05,0.799
2024-02-08,94.68,106.23,108.23,,74.35,47.67,-9.52,-11.15,-3.88,-2.32,-0.88,1.87,4.48,2.81,5.5,0.001
2024-02-09,96.33,106.84,109.58,,75.6,47.83,-7.94,-11.15,1.75,0.24,-0.5,1.37,5.15,2.31,6.82,0.1
2024-02-12,97.83,106.74,109.25,,69.98,48.03,-6.51,-11.15,1.56,-2.0,1.81,1.6,4.98,2.21,6.48,0.675
2024-02-13,95.77,105.28,107.29,,53.13,48.65,-8.48,-11.15,-2.11,-8.48,-0.33,-0.02,3.54,0.3,4.56,0.147
2024-02-14,98.17,106.29,108.68,,44.37,47.78,-6.19,-11.15,2.5,-0.34,5.66,0.11,4.92,0.65,6.12,1.609
2024-02-15,98.74,106.91,109.0,,28.44,47.63,-5.64,-11.15,0.59,4.3,7.09,0.64,6.13,0.71,7.07,1.954
2024-02-16,98.86,106.39,108.11,,27.55,47.27,-5.52,-11.15,0.12,2.62,8.61,-0.42,4.7,-1.34,4.78,2.324
2024-02-19,98.86,106.39,108.11,,26.08,46.93,-5.52,-11.15,0.0,1.05,6.47,-0.32,3.42,-1.05,3.03,1.826
2024-02-20,97.83,105.75,107.12,,20.63,46.9,-6.51,-11.15,-1.04,2.15,6.57,0.45,2.58,-0.16,1.76,1.852
2024-02-21,101.1,105.89,106.78,,26.05,39.87,-3.39,-11.15,3.34,2.98,2.11,-0.38,2.41,-1.75,1.0,0.819
2024-02-22,101.82,108.12,109.93,,26.06,39.57,-2.7,-11.15,0.71,3.12,1.22,1.14,4.49,0.85,3.62,0.558
2024-02-23,101.61,108.16,109.63,,26.57,39.0,-2.9,-11.15,-0.21,2.77,2.86,1.66,3.98,1.4,3.14,1.054
2024-02-26,102.34,107.75,109.48,,26.1,39.05,-2.2,-11.15,0.72,3.52,3.38,1.28,3.65,1.27,3.37,1.209
2024-02-27,103.91,107.94,109.89,,21.18,39.21,-0.7,-11.15,1.53,6.21,5.57,2.06,3.05,2.59,2.61,1.849
2024-02-28,99.77,107.76,109.29,,34.55,41.39,-4.65,-11.15,-3.98,-1.31,3.14,1.77,2.94,2.35,2.82,1.095
2024-02-29,99.02,108.32,110.28,,33.54,41.5,-5.37,-11.15,-0.75,-2.75,2.58,0.18,5.17,0.31,6.12,0.935
2024-03-01,99.81,109.19,111.53,,34.89,41.55,-4.61,-11.15,0.8,-1.76,2.98,0.95,4.71,1.74,5.95,1.048
2024-03-04,96.31,109.06,111.07,,39.44,43.36,-7.96,-11.15,-3.51,-5.89,0.21,1.21,3.48,1.45,3.7,0.266
2024-03-05,96.4,107.95,109.23,,34.2,41.08,-7.87,-11.15,0.1,-7.22,-3.43,0.01,2.75,-0.6,2.19,-0.821
2024-03-06,98.6,108.5,109.86,,34.12,38.04,-5.78,-11.15,2.28,-1.18,-5.78,0.69,3.04,0.53,2.71,-1.691
2024-03-07,97.03,109.62,111.52,,35.43,32.58,-7.27,-11.15,-1.59,-2.01,-1.49,1.2,3.25,1.13,3.28,-0.398
2024-03-08,98.38,108.9,110.23,,36.9,29.77,-5.98,-11.15,1.39,-1.43,3.91,-0.26,2.52,-1.17,1.85,1.692
2024-03-11,100.13,108.78,109.78,,24.7,29.79,-4.31,-11.15,1.78,3.97,3.94,-0.25,1.82,-1.16,0.18,1.702
2024-03-12,101.74,110.0,111.47,,24.34,29.81,-2.77,-11.15,1.6,5.54,3.99,1.9,3.06,2.05,2.03,1.72
2024-03-13,102.18,109.79,110.87,,22.11,28.61,-2.35,-11.15,0.43,3.64,6.69,1.19,4.28,0.91,3.34,2.858
2024-03-14,98.18,109.47,110.53,,37.94,30.99,-6.17,-11.15,-3.91,1.19,0.01,-0.13,3.0,-0.89,1.7,0.154
2024-03-15,98.21,108.76,109.46,,36.59,30.92,-6.15,-11.15,0.03,-0.18,-0.54,-0.13,1.74,-0.7,0.42,-0.062
2024-03-18,98.34,109.45,110.36,,33.21,30.92,-6.02,-11.15,0.14,-1.79,-0.53,0.62,2.87,0.53,2.08,-0.057
2024-03-19,98.21,110.07,110.79,,28.8,30.93,-6.15,-11.15,-0.14,-3.47,-0.66,0.06,3.45,-0.61,2.48,-0.109
2024-03-20,99.22,111.05,112.18,,30.54,30.89,-5.18,-11.15,1.04,-2.89,1.42,1.15,5.01,1.18,4.73,0.697
2024-03-21,98.76,111.41,112.4,,8.92,28.57,-5.62,-11.15,-0.47,0.59,-2.32,1.77,5.21,1.69,5.27,-0.845
2024-03-22,96.48,111.25,112.59,,19.49,29.4,-7.8,-11.15,-2.3,-1.76,-5.24,2.29,2.89,2.85,2.41,-2.053
2024-03-25,95.59,110.91,112.28,,19.29,29.49,-8.65,-11.15,-0.93,-2.8,-5.92,1.34,2.54,1.75,2.42,-2.339
2024-03-26,95.61,110.6,111.81,,19.55,29.29,-8.63,-11.15,0.03,-2.64,-6.57,0.48,2.64,0.92,2.12,-2.64
2024-03-27,95.76,111.56,112.39,,15.74,28.59,-8.49,-11.15,0.15,-3.49,-7.84,0.46,3.35,0.18,2.27,-3.283
2024-03-28,96.79,111.68,112.25,,20.34,25.78,-7.5,-11.15,1.08,-1.99,-2.99,0.24,3.64,-0.14,2.71,-1.288
2024-04-01,98.14,111.46,112.37,,14.63,26.2,-6.21,-11.15,1.4,1.72,-0.89,0.18,2.89,-0.19,1.89,-0.284
2024-04-02,97.49,110.65,111.3,,13.25,26.11,-6.84,-11.15,-0.67,1.99,-2.33,-0.24,1.34,-0.88,-0.21,-0.958
2024-04-03,96.9,110.77,111.55,,15.0,23.09,-7.4,-11.15,-0.6,1.34,0.61,0.15,1.57,-0.23,0.43,0.428
2024-04-04,96.24,109.4,109.98,,16.49,23.22,-8.03,-11.15,-0.68,0.5,-0.17,-1.93,1.35,-2.14,0.69,0.025
2024-04-05,95.85,110.62,111.35,,14.19,21.72,-8.4,-11.15,-0.4,-0.97,-2.78,-0.95,1.95,-0.8,1.35,-1.453
2024-04-08,95.92,110.58,111.39,,4.99,21.06,-8.33,-11.15,0.07,-2.26,-1.14,-0.79,0.87,-0.87,-0.12,-0.554
2024-04-09,97.63,110.74,111.75,,16.21,21.44,-6.7,-11.15,1.78,0.15,-0.76,0.08,1.68,0.41,1.38,-0.325
2024-04-10,99.77,109.69,110.82,,20.78,21.92,-4.65,-11.15,2.19,2.97,-0.36,-0.98,0.83,-0.66,0.94,-0.093
2024-04-11,100.12,110.51,112.68,,17.91,21.18,-4.32,-11.15,0.35,4.03,-1.59,1.01,0.46,2.45,1.09,-0.807
2024-04-12,95.36,108.9,110.85,,43.99,26.57,-8.87,-11.15,-4.76,-0.52,-6.68,-1.56,-0.81,-0.45,-0.02,-2.987
2024-04-15,94.46,107.59,108.86,,44.36,23.29,-9.73,-11.15,-0.94,-1.52,-3.79,-2.7,-1.72,-2.27,-1.51,-1.875
2024-04-16,93.11,107.37,108.72,,40.68,23.68,-11.02,-11.15,-1.43,-4.63,-5.19,-3.04,-1.28,-2.71,-0.68,-2.583
2024-04-17,92.05,106.75,107.48,,30.16,23.83,-12.03,-12.03,-1.13,-7.74,-6.39,-2.68,-2.47,-3.01,-2.61,-3.207
2024-04-18,92.13,106.51,106.92,,29.14,23.86,-11.95,-12.03,0.09,-7.98,-6.18,-3.61,-3.23,-5.11,-3.5,-3.09
2024-04-19,92.39,105.58,104.73,,12.11,23.47,-11.71,-12.03,0.28,-3.11,-6.89,-3.05,-4.93,-5.52,-6.64,-3.53
2024-04-22,94.54,106.5,105.89,,23.61,25.2,-9.65,-12.03,2.33,0.08,-4.27,-1.01,-4.41,-2.73,-5.8,-1.953
2024-04-23,96.99,107.77,107.57,,25.18,25.74,-7.31,-12.03,2.59,4.17,0.53,0.38,-3.13,-1.06,-4.46,0.369
2024-04-24,99.83,107.8,107.68,,21.44,27.32,-4.6,-12.03,2.92,8.44,4.44,0.98,-2.81,0.19,-4.1,2.039
2024-04-25,100.47,107.3,106.99,,19.14,27.35,-3.99,-12.03,0.64,9.04,5.08,0.74,-2.98,0.07,-4.31,2.307
2024-04-26,101.06,108.4,109.15,,17.71,27.37,-3.43,-12.03,0.59,9.38,5.53,2.67,-2.83,4.23,-2.88,2.494
2024-04-29,102.21,108.74,109.53,,17.54,27.4,-2.33,-12.03,1.14,8.11,5.6,2.11,-2.63,3.44,-2.42,2.52
2024-04-30,100.12,107.03,107.3,,28.24,28.2,-4.32,-12.03,-2.04,3.23,2.02,-0.69,-3.97,-0.25,-4.51,0.985
2024-05-01,101.0,106.67,106.94,,20.56,28.17,-3.48,-12.03,0.88,1.18,3.61,-1.05,-3.6,-0.68,-3.91,1.646
2024-05-02,107.45,107.64,108.56,,48.72,35.23,0.0,-12.03,6.38,6.95,10.89,0.31,-2.83,1.47,-2.68,3.697
2024-05-03,108.79,108.99,110.72,,48.26,35.03,0.0,-12.03,1.24,7.65,13.04,0.55,-0.38,1.43,0.67,4.375
2024-05-06,109.08,110.12,112.04,,49.08,34.87,0.0,-12.03,0.27,6.73,13.8,1.26,-0.45,2.29,0.62,4.628
2024-05-07,106.17,110.26,111.93,,51.95,36.68,-2.67,-12.03,-2.67,6.04,10.68,3.02,-0.28,4.31,0.48,3.502
2024-05-08,104.95,110.26,111.72,,54.7,36.8,-3.79,-12.03,-1.15,3.91,7.49,3.37,-0.43,4.47,-0.02,2.535
2024-05-09,106.29,110.82,112.02,,26.91,36.36,-2.56,-12.03,1.27,-1.08,6.53,2.96,1.04,3.19,1.09,2.262
2024-05-10,107.06,111.01,111.98,,25.37,36.39,-1.85,-12.03,0.73,-1.59,6.93,1.85,0.45,1.14,-0.62,2.386
2024-05-13,113.16,110.98,112.31,,50.24,35.94,0.0,-12.03,5.7,3.74,18.67,0.79,1.91,0.24,1.32,5.906
2024-05-14,106.35,111.52,113.15,,67.38,42.77,-6.02,-12.03,-6.02,0.18,12.59,1.14,3.65,1.09,3.94,3.539
2024-05-15,108.33,112.82,114.74,,67.24,42.32,-4.27,-12.03,1.86,3.22,16.35,2.32,5.08,2.7,5.53,4.51
2024-05-16,115.97,112.59,114.43,,81.32,46.95,0.0,-12.03,7.05,9.11,25.98,1.59,5.47,2.15,6.47,6.157
2024-05-17,118.43,112.72,114.35,,80.7,46.9,0.0,-12.03,2.12,10.62,28.54,1.54,5.83,2.11,6.95,6.684
2024-05-20,118.08,112.82,115.09,,75.09,47.09,-0.29,-12.03,-0.29,4.35,27.81,1.66,6.86,2.48,9.9,6.512
2024-05-21,115.21,113.11,115.35,,56.07,48.54,-2.72,-12.03,-2.44,8.33,21.86,1.42,6.2,1.95,8.94,5.139
2024-05-22,110.59,112.8,115.14,,68.78,51.11,-6.62,-12.03,-4.01,2.09,14.03,-0.02,4.66,0.35,7.04,3.333
2024-05-23,108.08,111.97,114.69,,37.44,51.4,-8.74,-12.03,-2.27,-6.81,8.27,-0.55,3.87,0.23,6.51,2.1
2024-05-24,108.69,112.75,115.96,,28.96,51.4,-8.22,-12.03,0.57,-8.22,8.19,0.03,5.08,1.41,8.38,2.083
2024-05-27,108.69,112.75,115.96,,29.91,51.42,-8.22,-12.03,0.0,-7.95,7.56,-0.06,4.01,0.75,6.23,1.946
2024-05-28,107.78,112.78,116.64,,29.34,51.51,-8.99,-12.03,-0.84,-6.44,5.46,-0.29,3.71,1.11,6.49,1.482
2024-05-29,105.75,111.95,115.96,,19.17,51.43,-10.71,-12.03,-1.89,-4.38,5.62,-0.75,4.59,0.71,8.06,1.521
2024-05-30,106.51,111.28,114.7,,17.19,51.41,-10.06,-12.03,0.72,-1.45,5.46,-0.61,4.33,0.01,7.25,1.484
2024-05-31,104.79,112.17,114.68,,17.35,46.74,-11.52,-12.03,-1.62,-3.59,-2.48,-0.51,4.21,-1.1,5.64,-0.423
2024-06-03,104.2,112.3,115.33,,16.3,46.52,-12.02,-12.03,-0.56,-4.13,-4.22,-0.4,3.03,-0.54,4.16,-0.891
2024-06-04,104.94,112.47,115.52,,19.64,46.59,-11.4,-12.03,0.71,-2.64,-3.8,-0.28,2.13,-0.96,3.11,-0.777
2024-06-05,106.78,113.8,117.79,,20.77,46.09,-9.84,-12.03,1.76,0.97,0.58,1.65,3.21,1.58,5.24,0.368
2024-06-06,107.02,113.78,117.69,,20.29,45.88,-9.63,-12.03,0.23,0.48,1.98,2.24,3.19,2.61,5.34,0.729
2024-06-07,104.88,113.65,117.41,,22.39,46.25,-11.44,-12.03,-2.0,0.09,-1.32,1.32,2.55,2.38,4.81,-0.127
2024-06-10,106.07,113.94,117.82,,22.82,46.35,-10.44,-12.03,1.14,1.8,-0.92,1.46,2.64,2.16,5.21,-0.021
2024-06-11,104.2,114.25,118.85,,26.88,41.77,-12.02,-12.03,-1.77,-0.7,-7.92,1.59,2.95,2.89,5.83,-2.168
2024-06-12,104.39,115.22,120.67,,21.73,36.36,-11.86,-12.03,0.18,-2.24,-1.85,1.25,3.32,2.45,6.65,-0.445
2024-06-13,103.43,115.49,121.08,,21.01,35.78,-12.67,-12.67,-0.92,-3.36,-4.53,1.51,2.37,2.88,5.53,-1.384
2024-06-14,100.25,115.45,121.22,,26.09,25.72,-15.36,-15.36,-3.08,-4.42,-13.56,1.58,2.54,3.24,5.93,-6.651
2024-06-17,101.89,116.33,122.37,,28.65,25.1,-13.97,-15.36,1.64,-3.95,-13.97,2.1,3.2,3.86,7.02,-7.048
2024-06-18,101.76,116.63,122.41,,27.48,25.14,-14.07,-15.36,-0.12,-2.34,-13.82,2.08,3.37,2.99,6.36,-6.954
2024-06-19,101.76,116.63,122.41,,27.24,24.42,-14.07,-15.36,0.0,-2.51,-11.67,1.22,3.11,1.44,6.12,-5.962
2024-06-20,101.61,116.33,121.45,,27.04,21.02,-14.2,-15.36,-0.15,-1.76,-8.12,0.73,3.13,0.31,5.48,-4.725
2024-06-21,100.68,116.15,121.22,,14.87,19.99,-14.99,-15.36,-0.91,0.44,-6.84,0.61,3.74,0.0,5.7,-4.152
2024-06-24,102.21,115.79,119.91,,14.11,20.78,-13.69,-15.36,1.52,0.32,-5.96,-0.46,2.7,-2.02,3.4,-3.444
2024-06-25,100.85,116.25,121.42,,17.39,21.07,-14.85,-15.36,-1.34,-0.9,-7.22,-0.32,3.1,-0.81,4.71,-4.16
2024-06-26,101.37,116.43,122.02,,18.09,21.19,-14.41,-15.36,0.51,-0.39,-5.95,-0.17,3.24,-0.32,4.61,-3.37
2024-06-27,98.91,116.54,122.39,,24.71,21.78,-16.49,-16.49,-2.43,-2.66,-6.47,0.18,4.1,0.77,5.54,-3.576
2024-06-28,98.4,116.06,121.52,,24.48,21.46,-16.91,-16.91,-0.51,-2.27,-7.62,-0.08,4.3,0.24,5.95,-4.318
2024-07-01,98.65,116.37,122.53,,19.12,21.06,-16.71,-16.91,0.25,-3.49,-5.86,0.5,3.74,2.19,6.84,-3.335
2024-07-02,100.7,117.09,123.55,,26.08,22.55,-14.97,-16.91,2.08,-0.15,-3.36,0.73,4.27,1.76,7.13,-1.71
2024-07-03,103.28,117.69,124.64,,32.09,24.29,-12.79,-16.91,2.57,1.89,-1.58,1.08,4.64,2.15,7.9,-0.669
2024-07-04,103.28,117.69,124.64,,21.57,23.38,-12.79,-16.91,0.0,4.42,-3.28,0.99,3.42,1.85,5.82,-1.598
2024-07-05,101.85,118.33,125.77,,25.64,23.72,-14.01,-16.91,-1.39,3.5,-4.84,1.95,4.0,3.5,6.87,-2.393
2024-07-08,100.45,118.45,126.12,,29.69,23.22,-15.18,-16.91,-1.37,1.83,-4.22,1.79,4.22,2.93,7.42,-2.118
2024-07-09,103.46,118.54,126.3,,33.46,25.35,-12.64,-16.91,2.99,2.74,-2.47,1.23,4.03,2.22,7.19,-1.06
2024-07-10,103.88,119.75,127.79,,28.45,24.67,-12.29,-16.91,0.41,0.58,-0.31,1.75,4.81,2.52,7.52,-0.031
2024-07-11,107.31,118.7,125.3,,36.13,27.2,-9.39,-16.91,3.3,3.9,2.8,0.86,3.02,0.52,3.83,1.349
2024-07-12,108.86,119.35,126.08,,30.53,27.27,-8.09,-16.91,1.44,6.88,5.25,0.87,3.34,0.25,4.14,2.382
2024-07-15,106.62,119.69,126.59,,34.54,25.89,-9.98,-16.91,-2.06,6.14,6.35,1.05,3.68,0.37,4.43,2.982
2024-07-16,107.12,120.46,126.84,,30.81,25.45,-9.55,-16.91,0.47,3.54,5.14,1.62,3.54,0.43,3.65,2.486
2024-07-17,105.29,118.78,123.33,,35.45,26.32,-11.1,-16.91,-1.71,1.36,3.46,-0.81,1.85,-3.49,0.75,1.679
2024-07-18,104.61,117.85,122.47,,23.31,26.47,-11.67,-16.91,-0.65,-2.52,2.79,-0.72,1.05,-2.25,0.05,1.375
2024-07-19,102.87,117.01,121.48,,16.43,27.19,-13.14,-16.91,-1.66,-5.5,1.24,-1.97,0.58,-3.65,0.03,0.672
2024-07-22,104.74,118.27,123.41,,23.87,27.59,-11.56,-16.91,1.82,-1.76,4.03,-1.19,1.83,-2.52,1.8,1.852
2024-07-23,104.0,118.09,123.34,,22.76,27.32,-12.18,-16.91,-0.7,-2.91,1.75,-1.97,1.98,-2.77,2.86,0.892
2024-07-24,103.59,115.35,118.85,,20.45,26.89,-12.53,-16.91,-0.39,-1.61,2.72,-2.88,-0.77,-3.64,-2.12,1.327
2024-07-25,103.05,114.76,117.75,,20.34,26.95,-12.99,-16.91,-0.53,-1.49,1.66,-2.62,-1.44,-3.86,-3.5,0.86
2024-07-26,104.59,116.03,118.95,,19.31,25.73,-11.69,-16.91,1.5,1.67,5.75,-0.83,-0.43,-2.08,-2.8,2.732
2024-07-29,107.45,116.13,119.04,,24.18,26.9,-9.27,-16.91,2.73,2.58,9.19,-1.81,0.06,-3.54,-2.04,4.059
2024-07-30,106.6,115.55,117.51,,24.45,27.23,-9.99,-16.91,-0.79,2.5,8.06,-2.15,-0.71,-4.72,-4.09,3.553
2024-07-31,107.76,117.38,120.61,,23.26,26.66,-9.01,-16.91,1.09,4.02,7.02,1.75,0.24,1.48,-2.38,3.183
2024-08-01,106.57,115.77,117.83,,25.57,25.82,-10.01,-16.91,-1.1,3.42,3.19,0.88,-1.63,0.07,-5.47,1.582
2024-08-02,105.85,113.64,114.97,,25.88,25.98,-10.62,-16.91,-0.68,1.2,2.49,-2.06,-3.44,-3.35,-7.76,1.259
2024-08-05,105.21,110.23,111.02,,13.71,25.54,-11.17,-16.91,-0.61,-2.09,3.3,-5.07,-6.84,-6.74,-11.73,1.648
2024-08-06,106.46,111.38,112.16,,17.14,25.14,-10.1,-16.91,1.2,-0.13,5.99,-3.61,-5.97,-4.55,-11.07,2.898
2024-08-07,106.37,110.51,110.99,,14.1,23.15,-10.19,-16.91,-0.09,-1.29,2.81,-5.85,-6.77,-7.98,-12.12,1.549
2024-08-08,109.76,113.06,114.17,,25.86,25.44,-7.32,-16.91,3.19,2.99,5.66,-2.34,-5.58,-3.11,-10.66,2.72
2024-08-09,109.32,113.59,114.76,,25.05,23.0,-7.69,-16.91,-0.4,3.28,1.87,-0.04,-4.3,-0.18,-8.41,1.077
2024-08-12,110.58,113.59,115.0,,22.43,22.81,-6.63,-16.91,1.15,5.11,1.58,3.05,-4.83,3.58,-8.79,0.934
2024-08-13,110.84,115.51,117.79,,22.95,21.43,-6.41,-16.91,0.23,4.11,3.96,3.71,-3.49,5.01,-6.96,2.278
2024-08-14,108.61,115.95,117.82,,30.53,22.71,-8.29,-16.91,-2.01,2.11,1.39,4.92,-3.74,6.15,-7.11,0.837
2024-08-15,108.71,117.82,120.57,,18.46,21.77,-8.21,-16.91,0.09,-0.96,3.25,4.21,-0.81,5.61,-2.24,1.865
2024-08-16,113.68,118.05,120.83,,38.15,26.36,-4.01,-16.91,4.58,3.99,8.68,3.93,0.17,5.29,-1.34,3.919
2024-08-19,114.68,119.2,122.51,,38.05,25.29,-3.17,-16.91,0.88,3.71,11.48,4.94,1.88,6.53,0.85,5.287
2024-08-20,110.76,118.97,122.1,,48.58,28.27,-6.48,-16.91,-3.42,-0.07,5.74,2.99,0.59,3.66,-1.06,2.507
2024-08-21,114.16,119.47,122.8,,48.58,29.6,-3.61,-16.91,3.07,5.11,9.76,3.04,1.17,4.23,-0.44,3.924
2024-08-22,113.38,118.4,120.74,,49.82,29.73,-4.27,-16.91,-0.68,4.3,9.45,0.49,2.64,0.14,1.6,3.792
2024-08-23,116.73,119.76,122.52,,43.13,30.72,-1.44,-16.91,2.95,2.68,13.28,1.45,4.36,1.4,4.05,5.03
2024-08-26,111.74,119.39,121.47,,54.69,34.85,-5.65,-16.91,-4.27,-2.56,6.83,0.15,2.89,-0.84,2.12,2.446
2024-08-27,111.32,119.58,121.67,,48.24,33.81,-6.01,-16.91,-0.38,0.51,3.6,0.51,2.97,-0.35,2.21,1.417
2024-08-28,108.82,118.86,120.31,,42.27,34.71,-8.12,-16.91,-2.25,-4.68,2.08,-0.51,2.86,-2.03,2.38,0.876
2024-08-29,110.73,118.86,120.04,,46.49,35.02,-6.5,-16.91,1.76,-2.34,2.75,0.38,1.26,-0.58,-0.47,1.097
2024-08-30,113.9,120.06,121.39,,46.08,35.91,-3.83,-16.91,2.86,-2.42,6.87,0.24,3.7,-0.92,3.02,2.396
2024-09-02,113.9,120.06,121.39,,31.44,35.74,-3.83,-16.91,0.0,1.93,7.6,0.56,5.65,-0.07,5.59,2.635
2024-09-03,112.44,117.52,117.43,,33.44,36.05,-5.06,-16.91,-1.28,1.01,6.87,-1.72,6.61,-3.48,5.78,2.387
2024-09-04,112.71,117.33,117.08,,25.64,35.92,-4.83,-16.91,0.24,3.58,5.87,-1.29,5.34,-2.69,4.38,2.078
2024-09-05,112.66,116.97,117.38,,24.18,35.91,-4.88,-16.91,-0.05,1.74,5.91,-1.58,5.84,-2.22,5.75,2.092
2024-09-06,110.95,114.96,114.38,,12.92,34.83,-6.32,-16.91,-1.52,-2.59,1.08,-4.25,1.68,-5.77,0.18,0.537
2024-09-09,111.3,116.29,115.71,,13.9,34.79,-6.02,-16.91,0.32,-2.28,1.81,-3.14,2.37,-4.68,0.83,0.785
2024-09-10,114.53,116.81,116.68,,25.28,35.96,-3.3,-16.91,2.9,1.86,3.57,-0.6,2.83,-0.64,1.46,1.343
2024-09-11,115.91,118.05,119.21,,25.87,36.13,-2.13,-16.91,1.21,2.84,4.57,0.62,2.2,1.82,1.21,1.659
2024-09-12,116.84,118.94,120.4,,25.28,35.23,-1.35,-16.91,0.8,3.71,7.58,1.68,2.58,2.58,2.19,2.659
2024-09-13,115.74,119.58,121.19,,22.16,35.51,-2.27,-16.91,-0.94,4.32,6.47,4.02,1.49,5.95,0.51,2.292
2024-09-16,114.25,119.73,120.56,,27.02,32.33,-3.53,-16.91,-1.29,2.65,0.5,2.96,1.42,4.19,-0.22,0.341
2024-09-17,115.76,119.76,120.8,,19.63,32.5,-2.26,-16.91,1.32,1.07,0.94,2.53,0.47,3.54,-1.39,0.501
2024-09-18,115.38,119.42,120.43,,17.71,30.0,-2.58,-16.91,-0.33,-0.46,4.17,1.15,0.38,1.02,-1.37,1.779
2024-09-19,120.94,121.44,123.45,,39.72,32.6,0.0,-16.91,4.82,3.51,5.94,2.11,1.65,2.53,0.53,2.281
2024-09-20,120.66,121.21,123.0,,38.15,32.46,-0.23,-16.91,-0.23,4.25,6.42,1.36,2.37,1.49,1.87,2.459
2024-09-23,123.12,121.55,123.18,,33.38,31.67,0.0,-16.91,2.04,7.76,5.48,1.52,1.49,2.17,0.54,2.174
2024-09-24,132.83,121.85,123.86,,55.81,37.19,0.0,-16.91,7.88,14.75,18.87,1.75,2.07,2.53,1.97,5.773
2024-09-25,130.46,121.63,123.92,,61.63,38.08,-1.78,-16.91,-1.78,13.08,17.2,1.85,1.71,2.9,1.84,5.197
2024-09-26,143.6,122.12,124.66,,81.78,48.26,0.0,-16.91,10.07,18.74,31.96,0.56,2.74,0.98,3.61,7.163
2024-09-27,146.69,121.96,124.17,,76.35,48.32,0.0,-16.91,2.15,21.57,32.47,0.62,2.61,0.95,3.44,7.252
2024-09-30,145.03,122.48,124.65,,84.53,48.76,-1.13,-16.91,-1.13,17.79,27.33,0.77,2.02,1.2,2.68,6.204
2024-10-01,154.08,121.34,122.74,,79.76,51.53,0.0,-16.91,6.24,16.0,35.28,-0.42,1.07,-0.91,1.11,7.322
2024-10-02,157.51,121.36,122.84,,68.57,50.57,0.0,-16.91,2.23,20.73,40.09,-0.22,3.27,-0.87,4.6,8.294
2024-10-03,154.22,121.15,122.79,,52.17,52.03,-2.09,-16.91,-2.09,7.4,36.83,-0.79,3.26,-1.49,4.88,7.524
2024-10-04,156.53,122.24,124.3,,51.84,51.7,-0.62,-16.91,1.5,6.71,38.94,0.22,4.5,0.1,5.9,7.931
2024-10-07,160.61,121.07,122.83,,47.18,50.5,0.0,-16.91,2.61,10.74,44.76,-1.15,5.32,-1.46,7.39,9.1
2024-10-08,149.9,122.24,124.61,,62.35,58.33,-6.67,-16.91,-6.67,-2.71,34.68,0.74,5.12,1.52,7.69,6.44
2024-10-09,147.45,123.11,125.35,,57.62,59.05,-8.19,-16.91,-1.63,-6.39,28.75,1.44,5.4,2.04,7.43,5.44
2024-10-10,149.35,122.85,125.29,,59.5,59.05,-7.01,-16.91,1.29,-3.15,28.85,1.41,4.07,2.03,5.1,5.457
2024-10-11,150.53,123.6,125.7,,58.14,59.06,-6.28,-16.91,0.79,-3.83,28.83,1.11,3.92,1.13,4.4,5.454
2024-10-14,147.34,124.55,126.8,,50.2,59.75,-8.26,-16.91,-2.12,-8.26,27.3,2.88,4.16,3.23,4.63,5.154
2024-10-15,139.18,123.6,125.52,,43.25,63.68,-13.34,-16.91,-5.54,-7.15,21.82,1.12,3.23,0.73,4.11,4.035
2024-10-16,139.63,124.18,125.87,,44.9,63.72,-13.06,-16.91,0.32,-5.3,20.63,0.87,3.69,0.41,4.19,3.846
2024-10-17,136.76,124.16,125.91,,39.93,64.44,-14.85,-16.91,-2.06,-8.43,18.54,1.06,3.97,0.5,4.55,3.481
2024-10-18,139.99,124.65,126.71,,47.06,63.1,-12.84,-16.91,2.36,-7.0,15.75,0.85,2.64,0.8,2.64,3.087
2024-10-21,137.91,124.43,127.05,,46.67,63.5,-14.13,-16.91,-1.48,-6.4,14.29,-0.1,2.66,0.2,3.3,2.83
2024-10-22,137.3,124.37,127.33,,27.44,63.43,-14.52,-16.91,-0.45,-1.36,11.51,0.62,2.32,1.44,3.37,2.363
2024-10-23,133.94,123.22,125.25,,30.6,58.37,-16.61,-16.91,-2.45,-4.08,0.83,-0.77,1.12,-0.49,1.12,0.444
2024-10-24,131.69,123.49,126.2,,29.73,58.32,-18.01,-18.01,-1.67,-3.71,0.94,-0.54,1.53,0.23,1.84,0.466
2024-10-25,133.14,123.45,126.91,,21.74,46.0,-17.1,-18.01,1.1,-4.89,-7.28,-0.96,1.09,0.16,1.8,-1.748
2024-10-28,136.57,123.78,127.24,,32.42,46.31,-14.97,-18.01,2.58,-0.97,-6.89,-0.52,1.49,0.15,2.47,-1.626
2024-10-29,136.44,123.98,128.24,,32.33,46.22,-15.05,-18.01,-0.1,-0.63,-5.93,-0.31,1.22,0.72,2.88,-1.363
2024-10-30,134.89,123.57,127.52,,27.29,39.78,-16.01,-18.01,-1.13,0.71,-12.45,0.28,1.84,1.81,3.89,-3.806
2024-10-31,133.91,121.27,124.01,,23.92,38.43,-16.63,-18.01,-0.73,1.68,-14.98,-1.8,-0.07,-1.74,0.95,-4.863
2024-11-01,133.36,121.76,125.0,,23.3,38.13,-16.97,-18.01,-0.41,0.16,-13.52,-1.37,0.51,-1.5,1.79,-4.372
2024-11-04,134.48,121.42,124.59,,11.85,37.73,-16.27,-18.01,0.84,-1.53,-14.08,-1.9,-0.67,-2.09,0.23,-4.628
2024-11-05,135.59,122.91,126.36,,14.4,36.23,-15.58,-18.01,0.82,-0.62,-15.58,-0.86,1.52,-1.46,2.87,-5.41
2024-11-06,132.2,126.02,130.09,,21.81,30.04,-17.69,-18.01,-2.5,-2.0,-11.81,1.98,3.09,2.02,4.4,-4.86
2024-11-07,136.86,126.96,132.05,,34.77,32.93,-14.79,-18.01,3.53,2.2,-7.18,4.69,3.13,6.49,5.35,-2.553
2024-11-08,128.73,127.43,132.17,,57.92,37.63,-19.85,-19.85,-5.94,-3.47,-13.81,4.66,3.73,5.74,5.5,-4.54
2024-11-11,130.41,127.56,132.25,,58.76,37.93,-18.81,-19.85,1.31,-3.03,-13.36,5.05,3.2,6.15,5.21,-4.34
2024-11-12,125.43,127.19,132.13,,61.08,39.19,-21.9,-21.9,-3.81,-7.49,-14.87,3.48,2.12,4.57,4.21,-4.721
2024-11-13,125.73,127.22,131.79,,61.3,35.17,-21.72,-21.9,0.24,-4.89,-9.66,0.95,2.93,1.3,5.0,-3.289
2024-11-14,123.79,126.45,130.94,,46.94,35.24,-22.92,-22.92,-1.54,-9.55,-11.34,-0.4,1.83,-0.84,4.03,-3.918
2024-11-15,121.07,124.78,128.01,,32.05,35.32,-24.62,-24.62,-2.2,-5.95,-11.47,-2.08,0.5,-3.15,1.67,-3.958
2024-11-18,122.11,125.27,128.78,,29.93,34.13,-23.97,-24.62,0.86,-6.36,-12.77,-1.8,0.49,-2.63,1.63,-4.624
2024-11-19,119.05,125.76,130.12,,23.79,34.63,-25.88,-25.88,-2.51,-5.09,-13.68,-1.12,1.08,-1.52,2.41,-4.911
2024-11-20,118.59,125.77,129.97,,22.03,34.64,-26.17,-26.17,-0.39,-5.68,-13.63,-1.14,1.13,-1.38,2.08,-4.891
2024-11-21,116.96,126.44,130.02,,21.87,34.14,-27.18,-27.18,-1.37,-5.52,-12.67,-0.01,2.61,-0.71,3.81,-4.584
2024-11-22,113.61,126.88,130.23,,24.31,34.84,-29.26,-29.26,-2.86,-6.16,-13.73,1.68,2.74,1.73,3.19,-4.901
2024-11-25,116.96,127.26,130.58,,36.97,36.57,-27.18,-29.26,2.95,-4.22,-12.15,1.59,3.09,1.4,2.9,-4.063
2024-11-26,116.41,127.99,131.4,,33.87,34.73,-27.52,-29.26,-0.47,-2.22,-14.76,1.77,3.4,0.98,3.27,-5.331
2024-11-27,118.34,127.5,130.62,,36.99,35.65,-26.32,-29.26,1.66,-0.21,-13.26,1.38,2.84,0.5,1.86,-4.602
2024-11-28,118.34,127.5,130.62,,35.06,35.67,-26.32,-29.26,0.0,1.18,-12.27,0.84,3.18,0.46,2.43,-4.218
2024-11-29,119.41,128.22,131.7,,21.57,36.04,-25.66,-29.26,0.9,5.1,-10.83,1.06,5.73,1.13,6.21,-3.632
2024-12-02,117.47,128.53,132.97,,20.03,36.24,-26.86,-29.26,-1.63,0.43,-11.92,1.0,5.56,1.83,6.38,-4.015
2024-12-03,117.1,128.59,133.5,,19.79,35.89,-27.09,-29.26,-0.31,0.59,-12.93,0.47,5.9,1.6,7.16,-4.44
2024-12-04,116.07,129.37,135.24,,15.03,35.5,-27.73,-29.26,-0.88,-1.92,-14.39,1.46,5.25,3.54,7.03,-5.063
2024-12-05,115.01,129.13,135.01,,14.97,34.92,-28.4,-29.26,-0.92,-2.82,-13.01,1.27,2.46,3.36,3.78,-4.604
2024-12-06,117.44,129.45,136.1,,22.87,33.09,-26.88,-29.26,2.12,-1.65,-14.19,0.96,1.96,3.34,3.06,-5.369
2024-12-09,126.17,128.65,135.25,,56.35,38.44,-21.44,-29.26,7.44,7.41,-1.99,0.09,0.96,1.71,2.33,-0.446
2024-12-10,122.77,128.27,134.92,,63.27,39.13,-23.56,-29.26,-2.7,4.84,-5.86,-0.25,0.56,1.06,2.01,-1.666
2024-12-11,121.61,129.32,137.3,,63.4,37.05,-24.29,-29.26,-0.95,4.77,-3.05,-0.04,1.67,1.52,3.91,-0.83
2024-12-12,121.95,128.62,136.39,,61.67,37.06,-24.07,-29.26,0.28,6.04,-3.01,-0.39,1.1,1.03,3.5,-0.817
2024-12-13,120.02,128.61,136.56,,63.89,37.07,-25.27,-29.26,-1.58,2.2,-3.05,-0.64,1.71,0.34,4.29,-0.828
2024-12-16,117.62,129.1,138.25,,17.94,36.94,-26.77,-29.26,-2.0,-6.78,-2.86,0.35,3.47,2.22,8.0,-0.769
2024-12-17,119.11,128.6,137.81,,21.46,37.11,-25.84,-29.26,1.27,-2.98,-2.46,0.26,2.66,2.14,7.01,-0.633
2024-12-18,116.17,124.81,132.9,,25.38,37.07,-27.67,-29.26,-2.47,-4.47,-2.42,-3.48,-0.76,-3.21,2.13,-0.621
2024-12-19,115.23,124.7,132.76,,23.27,37.15,-28.26,-29.26,-0.81,-5.51,-2.84,-3.04,-0.85,-2.66,2.14,-0.756
2024-12-20,112.45,126.06,134.13,37.21,24.99,37.76,-29.99,-29.99,-2.41,-6.31,-3.86,-1.99,-0.3,-1.78,3.16,-1.073
2024-12-23,116.36,126.98,135.45,37.29,40.51,38.42,-27.55,-29.99,3.48,-1.07,2.42,-1.65,0.08,-2.03,4.01,0.926
2024-12-24,116.88,128.38,137.27,37.2,39.05,37.07,-27.23,-29.99,0.45,-1.87,-0.07,-0.17,0.88,-0.39,5.12,0.15
2024-12-26,117.64,128.33,137.2,37.13,34.41,37.09,-26.75,-29.99,0.65,1.27,1.06,2.82,0.27,3.24,4.41,0.513
2024-12-27,116.25,126.91,135.15,37.16,35.25,36.87,-27.62,-29.99,-1.18,0.89,-1.77,1.77,-0.47,1.8,3.47,-0.409
2024-12-30,114.98,125.55,133.54,37.15,29.97,37.04,-28.41,-29.99,-1.09,2.25,-2.84,-0.4,-1.53,-0.44,2.24,-0.761
2024-12-31,115.88,125.01,132.34,37.15,15.5,37.0,-27.85,-29.99,0.78,-0.41,-2.95,-1.55,-2.5,-2.3,0.48,-0.799
2025-01-02,116.1,124.74,132.13,37.13,15.05,36.6,-27.71,-29.99,0.19,-0.67,-1.16,-2.84,-2.95,-3.75,-0.63,-0.213
2025-01-03,116.91,126.31,134.47,37.12,15.18,36.67,-27.21,-29.99,0.69,-0.63,-0.16,-1.58,-1.78,-1.99,0.72,0.117
2025-01-06,116.88,127.01,136.13,37.12,11.96,36.53,-27.23,-29.99,-0.02,0.54,0.69,0.08,-1.83,0.72,0.66,0.397
2025-01-07,115.46,125.6,133.56,36.99,12.74,36.64,-28.11,-29.99,-1.22,0.42,0.39,0.04,-2.73,0.01,-1.07,0.299
2025-01-08,114.38,125.79,133.49,36.99,12.65,35.99,-28.79,-29.99,-0.94,-1.3,-2.61,0.62,-2.82,0.87,-1.92,-0.713
2025-01-09,114.38,125.79,133.49,36.96,12.29,23.37,-28.79,-29.99,0.0,-1.48,-9.35,0.85,-2.22,1.03,-1.31,-4.917
2025-01-10,110.06,123.85,131.31,37.12,24.5,24.92,-31.48,-31.48,-3.78,-5.86,-10.35,-1.94,-3.44,-2.34,-2.67,-5.13
2025-01-13,110.07,124.05,130.81,37.1,24.61,24.93,-31.47,-31.48,0.01,-5.82,-9.49,-2.33,-4.08,-3.91,-4.73,-4.667
2025-01-14,111.63,124.19,130.51,36.3,30.72,25.65,-30.5,-31.48,1.42,-3.31,-8.46,-1.12,-3.44,-2.28,-4.31,-4.004
2025-01-15,112.67,126.46,133.71,36.28,32.46,25.68,-29.85,-31.48,0.93,-1.49,-6.13,0.53,-1.67,0.17,-2.09,-2.827
2025-01-16,112.66,126.2,132.52,36.23,32.45,24.92,-29.86,-31.48,-0.01,-1.51,-4.22,0.32,-2.25,-0.72,-4.14,-1.954
2025-01-17,116.33,127.46,134.53,36.37,21.34,27.25,-27.57,-31.48,3.26,5.7,-2.33,2.91,-0.89,2.45,-2.38,-0.908
2025-01-20,116.33,127.46,134.53,36.36,21.38,25.85,-27.57,-31.48,0.0,5.69,0.14,2.75,2.12,2.84,1.22,0.189
2025-01-21,116.69,128.58,135.39,36.32,21.86,25.68,-27.35,-31.48,0.31,4.53,1.27,3.53,3.1,3.74,1.98,0.712
2025-01-22,118.08,129.36,137.12,36.33,21.96,24.29,-26.48,-31.48,1.19,4.8,5.01,2.29,2.62,2.55,2.23,2.532
2025-01-23,117.67,130.05,137.43,36.33,22.99,21.31,-26.74,-31.48,-0.35,4.45,1.13,3.05,2.42,3.7,1.46,0.733
2025-01-24,121.83,129.68,136.75,36.48,24.75,24.46,-24.15,-31.48,3.53,4.72,4.23,1.74,1.01,1.65,-0.38,2.152
2025-01-27,122.99,127.79,132.55,36.3,23.36,24.55,-23.43,-31.48,0.95,5.72,4.54,0.26,-0.42,-1.47,-3.39,2.29
2025-01-28,131.24,128.97,135.23,36.59,44.17,32.72,-18.29,-31.48,6.71,12.47,12.9,0.31,1.62,-0.12,0.06,4.614
2025-01-29,132.19,128.36,134.54,36.1,45.11,32.14,-17.7,-31.48,0.72,11.94,14.96,-0.77,2.24,-1.88,0.75,5.375
2025-01-30,140.41,129.04,134.88,36.38,44.81,37.44,-12.58,-31.48,6.22,19.33,21.17,-0.78,3.22,-1.85,1.92,6.357
2025-01-31,135.08,128.39,134.51,36.56,69.31,40.84,-15.9,-31.48,-3.8,10.88,16.35,-1.0,2.93,-1.64,1.8,4.657
2025-02-03,134.77,127.41,132.89,36.54,71.1,40.98,-16.09,-31.48,-0.23,9.58,15.28,-0.29,0.88,0.26,-1.17,4.369
2025-02-04,139.88,128.33,134.69,36.65,61.02,42.24,-12.91,-31.48,3.79,6.58,19.68,-0.49,1.05,-0.4,-1.06,5.324
2025-02-05,135.68,128.84,134.95,36.71,68.65,43.78,-15.52,-31.48,-3.0,2.65,17.52,0.37,2.58,0.31,1.04,4.647
2025-02-06,137.19,129.31,135.63,36.72,49.04,43.33,-14.58,-31.48,1.11,-2.3,19.94,0.2,2.79,0.56,1.61,5.262
2025-02-07,141.47,128.08,133.79,36.84,43.33,43.85,-11.92,-31.48,3.12,4.72,23.68,-0.24,1.82,-0.53,0.23,6.052
2025-02-10,152.14,128.94,135.1,37.57,61.32,45.64,-5.28,-31.48,7.55,12.89,38.23,1.2,4.11,1.66,2.88,8.791
2025-02-11,154.13,128.99,134.62,37.57,60.58,45.3,-4.03,-31.48,1.31,10.19,40.03,0.51,3.98,-0.05,2.91,9.203
2025-02-12,161.72,128.63,134.66,37.73,42.74,46.67,0.0,-31.48,4.92,19.19,44.87,-0.16,3.58,-0.22,3.18,9.833
2025-02-13,163.37,129.97,136.69,37.74,43.05,46.65,0.0,-31.48,1.02,19.09,45.0,0.52,2.78,0.78,2.23,9.861
2025-02-14,170.47,129.97,137.24,37.96,43.1,46.92,0.0,-31.48,4.34,20.5,51.32,1.47,2.99,2.58,3.56,10.916
2025-02-17,170.47,129.97,137.24,37.96,34.54,47.21,0.0,-31.48,0.0,12.05,46.53,0.79,1.97,1.59,2.02,10.022
2025-02-18,173.43,130.28,137.34,37.97,33.88,46.72,0.0,-31.48,1.74,12.52,49.08,1.01,2.22,2.02,2.09,10.574
2025-02-19,171.92,130.59,137.44,37.75,31.68,47.42,-0.87,-31.48,-0.87,6.3,47.33,1.52,1.57,2.07,1.52,10.119
2025-02-20,185.83,130.03,136.8,38.54,57.65,51.92,0.0,-31.48,8.09,13.74,57.37,0.04,0.51,0.08,-0.23,10.835
2025-02-21,196.46,127.81,133.8,38.92,60.93,52.38,0.0,-31.48,5.72,15.25,66.96,-1.66,-1.73,-2.51,-2.64,12.131
2025-02-24,176.36,127.17,132.17,40.14,113.03,68.31,-10.23,-31.48,-10.23,3.46,44.76,-2.15,-1.93,-3.69,-3.34,6.884
2025-02-25,183.15,126.58,130.39,40.3,115.01,68.56,-6.78,-31.48,3.85,5.6,48.92,-2.84,-0.95,-5.06,-1.63,7.366
2025-02-26,190.08,126.6,130.72,40.4,114.18,66.76,-3.25,-31.48,3.78,10.57,44.83,-3.06,-1.84,-4.89,-3.34,7.039
2025-02-27,186.62,124.59,127.08,40.41,103.36,67.88,-5.01,-31.48,-1.82,0.43,41.18,-4.18,-2.94,-7.1,-5.54,6.474
2025-02-28,181.1,126.56,129.16,40.53,92.24,67.69,-7.82,-31.48,-2.96,-7.82,28.98,-0.98,-1.92,-3.47,-4.24,4.864
2025-03-03,178.78,124.33,125.75,40.53,51.66,65.84,-9.0,-31.48,-1.28,1.37,32.35,-2.23,-3.16,-4.86,-6.51,5.459
2025-03-04,177.46,122.81,125.31,40.52,41.05,66.02,-9.67,-31.48,-0.73,-3.1,31.68,-2.97,-3.61,-3.9,-5.71,5.353
2025-03-05,192.74,124.18,127.14,41.37,74.34,70.2,-1.89,-31.48,8.61,1.4,37.79,-1.9,-3.23,-2.74,-5.6,5.858
2025-03-06,191.27,121.97,123.83,41.17,72.75,68.75,-2.64,-31.48,-0.77,2.49,40.96,-2.1,-5.33,-2.56,-8.24,6.371
2025-03-07,192.18,122.64,124.7,41.17,66.02,68.86,-2.18,-31.48,0.48,6.12,40.09,-3.1,-5.15,-3.45,-8.06,6.251
2025-03-10,181.14,119.34,119.71,41.61,82.42,73.28,-7.8,-31.48,-5.75,1.32,28.05,-4.02,-6.83,-4.81,-10.53,4.423
2025-03-11,190.0,118.43,119.49,41.86,87.21,70.96,-3.29,-31.48,4.89,7.06,24.88,-3.57,-8.15,-4.64,-11.56,4.118
2025-03-12,187.43,119.01,120.94,41.89,60.61,71.48,-4.6,-31.48,-1.35,-2.76,21.6,-4.16,-7.73,-4.87,-10.16,3.64
2025-03-13,189.08,117.36,118.58,41.89,61.28,70.07,-3.76,-31.48,0.88,-1.14,16.92,-3.78,-8.76,-4.24,-11.94,3.022
2025-03-14,192.84,119.85,121.67,41.84,63.2,70.18,-1.84,-31.48,1.99,0.34,18.04,-2.27,-7.79,-2.43,-10.99,3.182
2025-03-17,201.68,120.62,122.04,42.04,41.49,70.34,0.0,-31.48,4.59,11.34,18.31,1.08,-7.19,1.95,-11.08,3.217
2025-03-18,195.08,119.34,119.96,42.19,48.08,71.76,-3.27,-31.48,-3.27,2.68,14.44,0.76,-8.18,0.39,-12.6,2.606
2025-03-19,195.71,120.63,121.65,42.19,45.26,71.68,-2.96,-31.48,0.32,4.42,12.84,1.36,-7.41,0.58,-11.43,2.371
2025-03-20,187.11,120.36,121.24,42.45,58.85,73.65,-7.22,-31.48,-4.39,-1.04,8.84,2.56,-7.83,2.25,-11.79,1.735
2025-03-21,184.69,120.46,121.87,42.46,55.86,68.46,-8.42,-31.48,-1.29,-4.22,-0.61,0.51,-7.36,0.17,-10.91,0.221
2025-03-24,183.79,122.59,124.65,42.46,31.12,65.3,-8.87,-31.48,-0.49,-8.87,-6.45,1.63,-4.08,2.13,-6.84,-0.909
2025-03-25,181.43,122.78,125.22,42.48,28.37,54.5,-10.04,-31.48,-1.29,-7.0,2.88,2.89,-3.45,4.39,-5.26,0.88
2025-03-26,180.73,121.41,122.66,42.47,25.96,52.87,-10.39,-31.48,-0.38,-7.65,-1.32,0.65,-4.08,0.84,-5.93,-0.054
2025-03-27,185.36,121.01,122.01,42.53,25.26,51.93,-8.09,-31.48,2.56,-0.93,-2.48,0.54,-4.41,0.64,-6.66,-0.337
2025-03-28,180.99,118.62,118.71,42.61,29.07,52.19,-10.26,-31.48,-2.36,-2.01,-3.02,-1.53,-4.79,-2.59,-6.59,-0.459
2025-03-31,180.72,119.28,118.55,42.59,29.1,51.14,-10.4,-31.48,-0.15,-1.67,-0.21,-2.7,-5.75,-4.89,-8.21,0.19
2025-04-01,181.36,119.73,119.58,42.54,27.99,50.92,-10.08,-31.48,0.36,-0.04,1.44,-2.49,-3.7,-4.5,-4.91,0.577
2025-04-02,177.38,120.54,120.62,42.61,32.2,51.48,-12.05,-31.48,-2.19,-1.85,-0.05,-0.72,-1.85,-1.66,-3.74,0.231
2025-04-03,176.75,114.7,113.42,42.32,19.81,40.99,-12.36,-31.48,-0.35,-4.64,-8.3,-5.21,-7.64,-7.04,-10.79,-2.335
2025-04-04,159.27,107.85,106.82,43.51,67.8,52.61,-21.03,-31.48,-9.89,-12.0,-16.73,-9.08,-11.58,-10.02,-13.73,-3.9
2025-04-07,144.84,107.6,106.93,44.46,77.59,59.57,-28.18,-31.48,-9.06,-19.85,-24.63,-9.79,-12.27,-9.8,-14.25,-5.366
2025-04-08,135.81,105.91,104.63,44.91,66.36,60.06,-32.66,-32.66,-6.24,-25.12,-25.03,-11.54,-11.25,-12.5,-12.6,-5.42
2025-04-09,143.2,115.99,117.36,45.21,102.81,60.81,-29.0,-32.66,5.44,-19.27,-24.63,-3.77,-2.07,-2.7,-1.78,-5.244
2025-04-10,142.38,111.97,112.3,45.22,102.33,60.85,-29.4,-32.66,-0.57,-19.45,-24.03,-2.38,-5.92,-0.99,-7.15,-5.087
2025-04-11,147.23,114.0,114.61,45.28,98.09,62.56,-27.0,-32.66,3.41,-7.56,-22.13,5.7,-2.86,7.29,-3.34,-4.463
2025-04-14,155.76,114.9,115.35,45.57,80.07,66.21,-22.77,-32.66,5.79,7.54,-19.23,6.79,-4.13,7.87,-5.2,-3.528
2025-04-15,153.45,114.7,115.29,45.52,53.62,63.11,-23.91,-32.66,-1.48,12.99,-23.91,8.31,-4.91,10.19,-5.53,-4.855
2025-04-16,145.89,112.13,111.75,45.8,66.86,64.04,-27.66,-32.66,-4.93,1.88,-25.21,-3.32,-6.04,-4.78,-6.84,-5.094
2025-04-17,148.79,112.28,111.61,45.84,66.88,64.83,-26.22,-32.66,1.99,4.5,-23.97,0.28,-6.92,-0.62,-8.25,-4.724
2025-04-21,150.54,109.64,108.76,45.84,63.52,64.26,-25.36,-32.66,1.18,2.25,-19.55,-3.83,-8.91,-5.1,-10.29,-3.726
2025-04-22,158.37,112.39,111.71,46.06,60.49,67.67,-21.47,-32.66,5.2,1.68,-14.25,-2.19,-6.7,-3.16,-8.34,-2.387
2025-04-23,162.59,114.26,114.5,46.12,59.56,68.63,-19.38,-32.66,2.67,5.96,-11.53,-0.38,-6.79,-0.68,-8.14,-1.801
2025-04-24,163.03,116.58,117.64,45.7,29.74,68.62,-19.16,-32.66,0.27,11.75,-10.14,3.96,-5.05,5.27,-6.05,-1.53
2025-04-25,164.38,117.44,119.12,45.69,31.49,68.75,-18.49,-32.66,0.83,10.48,-9.04,4.59,-3.27,6.73,-2.88,-1.315
2025-04-28,161.77,117.51,119.01,45.73,40.91,68.03,-19.79,-32.66,-1.59,7.46,-12.73,7.18,-2.89,9.42,-2.46,-2.061
2025-04-29,162.47,118.19,119.66,45.64,24.1,67.79,-19.44,-32.66,0.43,2.59,-10.23,5.16,-0.36,7.12,0.8,-1.575
2025-04-30,163.22,118.37,119.56,45.62,15.16,67.85,-19.07,-32.66,0.46,0.39,-9.68,3.59,-0.76,4.42,0.85,-1.465
2025-05-01,164.73,119.12,121.37,45.61,16.33,67.96,-18.32,-32.66,0.92,1.04,-9.17,2.18,-0.51,3.17,1.49,-1.362
2025-05-02,171.87,120.87,123.2,45.79,34.07,69.5,-14.78,-32.66,4.34,4.56,-3.11,2.92,0.28,3.42,2.14,-0.204
2025-05-05,172.98,120.1,122.29,45.47,26.62,69.53,-14.23,-32.66,0.64,6.93,-2.13,2.2,4.7,2.75,7.82,-0.032
2025-05-06,174.47,119.17,121.23,45.04,25.84,59.53,-13.49,-32.66,0.86,7.39,9.54,0.83,10.5,1.31,13.48,2.13
2025-05-07,168.42,119.69,121.56,45.16,43.98,50.71,-16.49,-32.66,-3.47,3.18,16.28,1.12,11.24,1.67,13.68,3.823
2025-05-08,171.92,120.39,122.86,44.68,45.16,43.97,-14.76,-32.66,2.08,4.36,26.59,1.07,13.67,1.23,17.42,6.678
2025-05-09,171.29,120.3,122.87,44.64,33.33,41.38,-15.07,-32.66,-0.37,-0.34,19.61,-0.47,3.72,-0.27,4.69,5.412
2025-05-12,181.15,124.22,128.21,44.98,53.65,44.27,-10.18,-32.66,5.76,4.72,27.23,3.43,10.94,4.84,14.16,6.775
2025-05-13,179.92,125.12,130.28,44.91,54.95,43.96,-10.79,-32.66,-0.68,3.13,22.2,4.99,9.75,7.46,13.67,5.708
2025-05-14,183.2,125.25,131.21,44.74,40.91,40.51,-9.16,-32.66,1.82,8.78,17.62,4.64,9.0,7.94,13.76,5.017
2025-05-15,169.33,125.76,130.98,45.35,77.05,49.37,-16.04,-32.66,-7.57,-1.5,10.35,4.47,9.64,6.61,13.61,2.637
2025-05-16,168.73,126.64,131.65,45.35,77.04,45.4,-16.34,-32.66,-0.36,-1.49,15.65,5.27,12.94,7.15,17.81,4.075
2025-05-19,168.05,126.76,131.68,45.35,56.72,45.33,-16.68,-32.66,-0.4,-7.24,12.94,2.04,12.89,2.71,17.98,3.449
2025-05-20,171.05,126.26,131.18,45.37,61.32,45.47,-15.19,-32.66,1.79,-4.93,13.63,0.92,15.17,0.7,20.62,3.6
2025-05-21,168.91,124.23,129.33,45.34,56.26,42.75,-16.25,-32.66,-1.25,-7.8,6.65,-0.81,10.53,-1.43,15.78,2.017
2025-05-22,166.02,124.17,129.7,45.38,21.35,42.43,-17.68,-32.66,-1.71,-1.95,2.11,-1.27,8.67,-0.98,13.27,0.795
2025-05-23,165.0,123.34,128.41,45.35,21.4,42.51,-18.19,-32.66,-0.62,-2.21,1.21,-2.61,5.8,-2.47,9.15,0.544
2025-05-26,165.0,123.34,128.41,45.35,21.64,42.43,-18.19,-32.66,0.0,-1.81,0.37,-2.7,5.02,-2.49,7.79,0.31
2025-05-27,163.35,125.86,131.57,45.36,10.28,42.19,-19.01,-32.66,-1.0,-4.51,0.97,-0.32,7.1,0.29,10.56,0.478
2025-05-28,159.55,125.16,130.9,45.4,14.46,42.97,-20.89,-32.66,-2.33,-5.54,-1.8,0.75,5.89,1.21,9.39,-0.3
2025-05-29,160.15,125.66,131.41,45.41,16.63,42.96,-20.59,-32.66,0.38,-3.54,-1.88,1.2,6.16,1.32,9.91,-0.324
2025-05-30,155.58,125.65,130.99,45.45,22.38,43.86,-22.86,-32.66,-2.85,-5.71,-5.55,1.88,5.49,2.01,7.92,-1.35
2025-06-02,156.83,126.17,131.87,45.45,25.49,40.82,-22.24,-32.66,0.8,-4.95,-8.75,2.29,4.38,2.7,7.04,-2.491
2025-06-03,157.13,126.9,132.94,45.41,26.86,40.7,-22.09,-32.66,0.19,-3.81,-9.16,0.82,5.66,1.04,8.71,-2.631
2025-06-04,163.25,126.91,133.36,45.56,38.03,43.19,-19.06,-32.66,3.9,2.32,-6.43,1.4,6.49,1.88,10.01,-1.636
2025-06-05,163.95,126.24,132.25,45.54,38.03,41.65,-18.71,-32.66,0.43,2.37,-2.65,0.46,5.47,0.64,8.8,-0.574
2025-06-06,163.15,127.54,133.84,45.43,27.04,40.9,-19.1,-32.66,-0.48,4.87,-5.1,1.5,5.94,2.18,8.93,-1.336
2025-06-09,166.02,127.65,134.26,45.43,27.52,41.46,-17.68,-32.66,1.76,5.86,-3.07,1.18,6.11,1.81,9.27,-0.703
2025-06-10,166.57,128.35,135.11,45.43,27.23,35.62,-17.41,-32.66,0.33,6.01,-8.05,1.15,3.33,1.63,5.38,-2.648
2025-06-11,164.45,128.0,134.43,45.45,17.96,35.74,-18.46,-32.66,-1.27,0.74,-8.6,0.86,2.31,0.8,3.19,-2.838
2025-06-12,162.08,128.49,134.75,45.48,20.84,34.96,-19.64,-32.66,-1.45,-1.14,-11.53,1.78,2.59,1.89,2.69,-4.023
2025-06-13,156.86,127.04,132.99,45.6,30.01,26.08,-22.22,-32.66,-3.22,-3.86,-7.36,-0.39,1.01,-0.63,1.54,-3.388
2025-06-16,161.16,128.23,135.01,45.65,35.5,28.19,-20.09,-32.66,2.74,-2.93,-4.49,0.45,1.25,0.56,2.55,-1.818
2025-06-17,159.87,127.16,133.78,45.64,34.59,28.26,-20.73,-32.66,-0.8,-4.03,-4.87,-0.93,0.32,-0.98,1.59,-1.983
2025-06-18,157.73,127.12,133.95,45.66,34.65,27.52,-21.79,-32.66,-1.34,-4.09,-7.79,-0.69,0.68,-0.35,2.11,-3.4
2025-06-19,157.73,127.12,133.95,45.58,34.51,27.36,-21.79,-32.66,0.0,-2.68,-6.62,-1.07,2.33,-0.59,3.57,-2.87
2025-06-20,157.06,126.85,133.27,45.58,25.23,26.89,-22.13,-32.66,-0.42,0.12,-5.4,-0.15,2.15,0.21,2.76,-2.347
2025-06-23,157.17,128.06,134.53,45.58,9.31,26.88,-22.07,-32.66,0.07,-2.47,-4.74,-0.13,3.83,-0.36,4.77,-2.04
2025-06-24,162.62,129.49,136.46,45.66,29.01,29.76,-19.37,-32.66,3.47,1.72,-1.44,1.83,4.99,2.01,6.27,-0.445
2025-06-25,159.2,129.49,136.88,45.66,32.16,30.44,-21.06,-32.66,-2.1,0.93,-2.54,1.86,2.88,2.19,4.03,-0.869
2025-06-26,158.34,130.53,138.21,45.67,32.6,29.41,-21.49,-32.66,-0.54,0.39,-0.76,2.68,4.29,3.18,5.59,-0.171
2025-06-27,158.55,131.21,138.93,45.64,32.28,29.38,-21.39,-32.66,0.13,0.95,-1.0,3.44,4.41,4.25,5.72,-0.271
2025-06-30,157.62,131.89,139.59,45.62,32.79,27.63,-21.85,-32.66,-0.59,0.28,1.31,2.98,4.96,3.76,6.57,0.694
2025-07-01,158.39,131.74,138.45,45.53,15.8,27.55,-21.46,-32.66,0.49,-2.6,1.0,1.74,4.41,1.46,4.99,0.563
2025-07-02,153.86,132.36,139.75,45.64,20.73,29.34,-23.71,-32.66,-2.86,-3.35,-2.08,2.22,4.31,2.1,5.12,-0.719
2025-07-03,151.07,133.47,141.18,45.57,22.14,26.07,-25.1,-32.66,-1.82,-4.59,-7.46,2.25,5.17,2.15,5.86,-3.439
2025-07-04,151.07,133.47,141.18,45.56,21.76,25.95,-25.1,-32.66,0.0,-4.72,-7.85,1.72,5.73,1.62,6.75,-3.652
2025-07-07,147.69,132.42,139.89,45.57,23.12,26.74,-26.77,-32.66,-2.24,-6.3,-9.48,0.4,3.83,0.21,4.52,-4.331
2025-07-08,150.08,132.32,139.93,45.59,29.15,26.59,-25.58,-32.66,1.62,-5.25,-9.6,0.44,3.66,1.07,4.22,-4.418
2025-07-09,144.3,133.12,141.25,45.73,33.54,28.87,-28.45,-32.66,-3.85,-6.21,-13.37,0.58,3.72,1.07,4.55,-5.808
2025-07-10,148.21,133.49,141.38,45.79,42.86,31.02,-26.51,-32.66,2.71,-1.9,-9.88,0.02,4.29,0.14,5.17,-3.866
2025-07-11,148.32,133.05,141.07,45.75,42.9,30.87,-26.46,-32.66,0.08,-1.82,-8.49,-0.31,3.55,-0.08,4.69,-3.294
2025-07-14,150.4,133.24,141.45,45.74,40.47,29.69,-25.43,-32.66,1.41,1.83,-4.12,0.62,4.88,1.12,6.36,-1.557
2025-07-15,162.56,132.71,141.7,46.41,68.89,40.23,-19.4,-32.66,8.09,8.32,0.87,0.29,3.49,1.27,4.96,0.446
2025-07-16,160.84,133.13,142.07,46.42,56.49,40.31,-20.25,-32.66,-1.06,11.46,0.61,0.01,4.7,0.58,6.2,0.368
2025-07-17,163.02,133.85,143.13,46.43,56.61,40.22,-19.17,-32.66,1.36,10.0,3.36,0.27,5.29,1.24,6.85,1.173
2025-07-18,167.09,133.84,143.2,46.47,54.05,40.99,-17.15,-32.66,2.5,12.66,5.94,0.59,5.28,1.51,6.9,1.882
2025-07-21,167.15,134.02,143.74,46.4,56.55,40.92,-17.12,-32.66,0.03,11.13,6.42,0.59,5.66,1.62,7.85,2.019
2025-07-22,167.76,134.11,143.18,46.39,21.44,40.91,-16.82,-32.66,0.37,3.2,6.74,1.05,4.72,1.04,6.43,2.106
2025-07-23,170.36,135.16,144.05,46.4,15.64,39.58,-15.53,-32.66,1.55,5.92,4.76,1.52,4.38,1.4,5.56,1.596
2025-07-24,168.37,135.25,144.31,46.4,22.43,39.01,-16.52,-32.66,-1.17,3.28,5.76,1.05,4.45,0.83,5.43,1.907
2025-07-25,166.82,135.79,144.65,46.41,17.29,39.14,-17.29,-32.66,-0.92,-0.17,5.35,1.46,4.03,1.02,4.66,1.784
2025-07-28,169.76,135.81,145.14,46.42,21.54,39.47,-15.83,-32.66,1.77,1.56,7.07,1.33,3.51,0.97,4.46,2.266
2025-07-29,165.88,135.41,144.59,46.48,28.32,40.41,-17.75,-32.66,-2.28,-1.12,5.25,0.97,2.67,0.98,3.58,1.709
2025-07-30,163.13,135.24,144.8,46.52,24.67,40.94,-19.11,-32.66,-1.66,-4.24,2.99,0.06,2.66,0.52,4.59,1.056
2025-07-31,167.65,134.74,144.75,46.49,35.13,40.33,-16.87,-32.66,2.77,-0.43,8.96,-0.38,1.8,0.31,3.58,2.747
2025-08-01,162.7,132.59,141.51,46.6,40.74,41.31,-19.33,-32.66,-2.95,-2.47,7.7,-2.36,-0.66,-2.17,0.24,2.352
2025-08-04,163.3,134.54,144.28,46.59,36.94,41.29,-19.03,-32.66,0.37,-3.81,8.1,-0.94,0.81,-0.59,2.2,2.46
2025-08-05,162.66,133.89,143.34,46.59,34.34,40.28,-19.35,-32.66,-0.39,-1.94,10.13,-1.12,1.11,-0.86,2.47,3.07
2025-08-06,167.97,134.86,145.07,46.64,40.04,41.25,-16.72,-32.66,3.26,2.96,11.92,-0.28,1.92,0.19,3.68,3.477
2025-08-07,168.11,134.76,145.58,46.64,35.17,38.07,-16.65,-32.66,0.08,0.27,16.5,0.01,1.23,0.57,3.06,5.008
2025-08-08,167.27,135.81,147.0,46.44,24.59,37.62,-17.06,-32.66,-0.5,2.81,12.87,2.43,1.74,3.87,3.97,4.047
2025-08-11,164.88,135.47,146.55,46.46,28.5,38.24,-18.25,-32.66,-1.43,0.97,11.17,0.69,1.82,1.58,3.89,3.509
2025-08-12,170.14,137.0,148.59,46.42,34.46,39.24,-15.64,-32.66,3.19,4.6,13.12,2.33,2.83,3.66,5.05,3.964
2025-08-13,176.31,137.45,148.8,46.46,36.08,30.64,-12.58,-32.66,3.63,4.96,8.46,1.92,3.57,2.57,5.01,3.33
2025-08-14,169.94,137.49,148.78,46.6,49.12,33.33,-15.74,-32.66,-3.61,1.09,5.66,2.03,3.27,2.2,4.73,2.143
2025-08-15,168.53,137.09,148.18,46.53,49.51,33.31,-16.44,-32.66,-0.83,0.75,3.38,0.94,2.42,0.81,3.53,1.355
2025-08-18,168.72,137.08,148.23,46.32,47.5,32.22,-16.34,-32.66,0.12,2.33,0.97,1.19,2.42,1.14,3.51,0.514
2025-08-19,166.76,136.27,146.07,46.33,41.66,32.5,-17.32,-32.66,-1.16,-1.98,-0.23,-0.53,1.68,-1.69,1.62,0.068
2025-08-20,166.07,135.94,145.1,46.27,22.85,32.51,-17.66,-32.66,-0.42,-5.81,-1.01,-1.09,1.37,-2.49,1.34,-0.221
2025-08-21,164.12,135.4,144.6,46.27,8.69,32.21,-18.62,-32.66,-1.17,-3.43,-3.66,-1.52,0.18,-2.81,0.38,-1.236
2025-08-22,170.86,137.45,147.32,46.36,34.91,35.17,-15.28,-32.66,4.11,1.39,1.48,0.27,1.63,-0.58,2.08,0.667
2025-08-25,172.82,136.87,146.99,46.37,35.34,35.15,-14.31,-32.66,1.15,2.43,3.6,-0.15,0.79,-0.83,1.62,1.375
2025-08-26,172.6,137.43,147.64,46.34,32.96,34.69,-14.42,-32.66,-0.13,3.5,1.67,0.85,1.19,1.08,1.73,0.737
2025-08-27,169.87,137.76,147.96,46.38,36.32,34.16,-15.77,-32.66,-1.58,2.29,2.4,1.34,1.74,1.97,2.33,0.997
2025-08-28,166.18,138.2,148.74,46.44,39.73,34.55,-17.6,-32.66,-2.18,1.25,1.87,2.07,2.18,2.87,2.72,0.806
2025-08-29,187.62,137.31,147.03,48.11,98.63,55.73,-6.97,-32.66,12.9,9.81,11.91,-0.1,1.91,-0.19,1.58,2.682
2025-09-01,187.62,137.31,147.03,48.11,99.61,54.28,-6.97,-32.66,0.0,8.56,15.32,0.33,3.56,0.03,3.9,3.406
2025-09-02,192.55,136.36,145.83,48.1,98.15,54.65,-4.53,-32.66,2.63,11.56,17.91,-0.78,1.35,-1.23,1.07,3.88
2025-09-03,189.64,137.06,147.32,48.12,97.99,55.11,-5.97,-32.66,-1.52,11.63,16.58,-0.51,2.37,-0.43,2.78,3.603
2025-09-04,181.95,138.2,148.76,48.31,104.19,56.77,-9.78,-32.66,-4.05,9.49,8.32,0.0,2.47,0.01,2.54,1.951
2025-09-05,188.43,137.76,148.71,48.41,49.08,57.76,-6.57,-32.66,3.56,0.43,12.09,0.33,2.23,1.14,2.15,2.639
2025-09-08,196.24,138.05,149.39,48.54,56.65,58.88,-2.7,-32.66,4.15,4.59,17.31,0.54,1.65,1.6,1.63,3.536
2025-09-09,204.44,138.42,149.94,48.69,60.48,59.37,0.0,-32.66,4.18,6.17,23.99,1.51,2.18,2.82,2.31,4.639
2025-09-10,200.03,138.84,149.98,48.75,62.47,59.88,-2.16,-32.66,-2.16,5.48,17.57,1.3,1.34,1.81,0.94,3.53
2025-09-11,216.03,140.02,151.06,49.15,57.82,64.2,0.0,-32.66,8.0,18.73,22.53,1.31,1.87,1.54,1.52,4.109
2025-09-12,215.5,139.95,151.73,49.15,63.76,62.15,-0.24,-32.66,-0.24,14.37,26.81,1.59,1.79,2.03,1.98,4.894
2025-09-15,219.64,140.61,153.16,49.14,62.72,61.74,0.0,-32.66,1.92,11.93,30.33,1.85,2.57,2.52,3.36,5.462
2025-09-16,225.44,140.43,153.05,48.6,60.8,61.73,0.0,-32.66,2.64,10.27,33.62,1.45,2.44,2.08,3.26,5.954
2025-09-17,230.94,140.29,152.56,48.61,48.34,61.06,0.0,-32.66,2.44,15.45,38.49,1.05,2.95,1.71,4.44,6.727
2025-09-18,225.81,140.96,153.99,47.67,33.19,62.13,-2.22,-32.66,-2.22,4.53,35.98,0.68,3.69,1.94,6.13,6.262
2025-09-19,226.27,141.65,155.09,47.63,32.36,61.56,-2.02,-32.66,0.2,5.0,37.87,1.22,4.62,2.21,7.26,6.589
2025-09-22,228.27,142.27,156.17,47.61,31.31,60.92,-1.16,-32.66,0.88,3.93,33.6,1.19,3.51,1.97,6.01,6.023
2025-09-23,226.65,141.49,154.7,47.24,27.67,61.38,-1.86,-32.66,-0.71,0.54,31.15,0.76,3.38,1.07,5.24,5.615
2025-09-24,245.21,141.09,154.18,47.87,64.15,65.45,0.0,-32.66,8.19,6.18,42.07,0.57,2.66,1.06,4.43,6.791
2025-09-25,243.87,140.38,153.4,47.82,59.34,64.89,-0.55,-32.66,-0.55,7.99,43.56,-0.41,1.9,-0.38,3.68,7.04
2025-09-26,238.92,141.21,154.08,47.85,64.54,64.77,-2.57,-32.66,-2.03,5.59,43.77,-0.31,2.18,-0.65,3.59,7.08
2025-09-29,250.02,141.58,154.82,48.0,68.92,52.03,0.0,-32.66,4.65,9.53,33.26,-0.49,3.11,-0.87,5.29,6.909
2025-09-30,248.4,142.16,155.29,47.51,68.78,52.31,-0.65,-32.66,-0.65,9.6,32.39,0.47,3.53,0.38,5.61,6.724
2025-10-01,254.02,142.65,155.94,47.51,42.64,52.21,0.0,-32.66,2.27,3.59,31.92,1.1,4.61,1.14,6.93,6.653
2025-10-02,263.14,142.73,156.55,47.62,44.84,51.64,0.0,-32.66,3.59,7.9,38.76,1.68,4.14,2.05,6.26,7.913
2025-10-03,261.32,142.74,156.11,47.63,38.67,48.18,-0.69,-32.66,-0.69,9.38,43.62,1.09,3.29,1.32,4.94,9.317
2025-10-06,260.2,143.26,157.22,47.57,31.52,48.31,-1.12,-32.66,-0.43,4.07,38.09,1.19,3.99,1.55,5.72,8.302
2025-10-07,252.01,142.72,156.17,47.34,42.06,50.03,-4.23,-32.66,-3.15,1.45,28.42,0.39,3.38,0.57,4.54,6.268
2025-10-08,251.72,143.55,157.92,47.34,38.34,49.05,-4.34,-32.66,-0.12,-0.91,23.13,0.63,3.7,1.27,5.32,5.342
2025-10-09,241.38,143.15,157.79,47.48,28.65,51.08,-8.27,-32.66,-4.11,-8.27,20.67,0.29,3.11,0.79,5.2,4.671
2025-10-10,220.99,139.27,152.17,48.23,53.55,54.15,-16.02,-32.66,-8.45,-15.43,2.3,-2.43,-0.53,-2.53,0.73,0.762
2025-10-13,231.83,141.45,155.53,48.43,78.73,56.55,-11.9,-32.66,4.91,-10.9,7.58,-1.27,1.07,-1.08,2.5,1.823
2025-10-14,226.34,141.22,154.34,48.49,78.32,57.05,-13.99,-32.66,-2.37,-10.19,3.05,-1.05,0.44,-1.17,0.77,0.904
2025-10-15,230.58,141.79,155.36,48.44,82.54,56.7,-12.37,-32.66,1.87,-8.4,2.28,-1.22,0.97,-1.62,1.5,0.748
2025-10-16,229.44,140.9,154.62,48.41,79.63,56.13,-12.81,-32.66,-0.49,-4.95,-0.65,-1.57,0.44,-2.01,1.35,0.128
2025-10-17,232.16,141.64,155.43,48.41,43.2,55.65,-11.77,-32.66,1.19,5.06,2.81,1.7,0.48,2.14,0.93,0.864
2025-10-20,241.09,143.15,157.55,48.49,37.46,57.07,-8.38,-32.66,3.84,3.99,6.55,1.21,1.06,1.3,1.59,1.608
2025-10-21,231.64,143.16,157.3,48.67,46.32,58.91,-11.97,-32.66,-3.92,2.34,1.47,1.37,0.62,1.92,0.72,0.579
2025-10-22,230.51,142.39,155.84,48.65,44.92,58.88,-12.4,-32.66,-0.49,-0.03,1.7,0.42,0.64,0.31,0.74,0.625
2025-10-23,238.9,143.22,157.22,48.76,51.07,52.84,-9.21,-32.66,3.64,4.13,-2.57,1.65,1.51,1.68,1.97,-0.337
2025-10-24,242.8,144.36,159.02,48.78,51.35,53.13,-7.73,-32.66,1.63,4.58,-0.44,1.92,2.83,2.31,3.66,0.157
2025-10-27,249.4,146.13,161.99,48.83,47.85,53.36,-5.22,-32.66,2.72,3.45,4.39,2.08,3.48,2.81,5.13,1.224
2025-10-28,245.6,146.46,163.29,48.86,34.32,51.2,-6.67,-32.66,-1.52,6.03,-1.77,2.31,3.45,3.81,5.47,-0.17
2025-10-29,250.12,146.46,164.19,48.81,30.95,51.55,-4.95,-32.66,1.84,8.51,0.69,2.85,3.02,5.36,5.73,0.411
2025-10-30,241.73,145.01,161.6,48.84,40.98,52.22,-8.14,-32.66,-3.36,1.18,-4.84,1.25,1.66,2.79,3.63,-0.887
2025-10-31,236.86,145.39,162.59,48.49,41.48,50.71,-9.99,-32.66,-2.01,-2.44,-9.99,0.71,1.86,2.24,3.86,-2.239
2025-11-03,233.05,145.64,163.34,48.52,30.46,50.86,-11.43,-32.66,-1.61,-6.55,-10.82,-0.34,2.03,0.83,4.63,-2.448
2025-11-04,228.34,143.93,160.01,48.4,30.86,51.13,-13.22,-32.66,-2.02,-7.03,-12.24,-1.73,0.46,-2.01,1.77,-2.808
2025-11-05,229.06,144.45,161.04,48.4,21.02,50.33,-12.95,-32.66,0.32,-8.42,-9.1,-1.37,1.22,-1.91,3.12,-2.027
2025-11-06,232.94,142.84,157.99,48.38,26.38,50.85,-11.48,-32.66,1.69,-3.63,-7.46,-1.5,-0.49,-2.24,0.05,-1.58
2025-11-07,231.18,143.02,157.65,48.33,23.92,49.0,-12.15,-32.66,-0.76,-2.4,-4.23,-1.63,-0.09,-3.04,-0.09,-0.819
2025-11-10,230.55,145.22,161.23,48.33,21.71,38.67,-12.39,-32.66,-0.27,-1.07,4.33,-0.29,4.27,-1.29,5.96,1.499
2025-11-11,223.48,145.52,160.83,48.37,27.67,36.32,-15.07,-32.66,-3.07,-2.13,-3.6,1.11,2.88,0.51,3.41,-1.038
2025-11-12,219.46,145.62,160.4,48.41,28.21,35.93,-16.6,-32.66,-1.8,-4.19,-3.04,0.8,3.11,-0.4,3.93,-0.859
2025-11-13,222.14,143.2,156.73,48.39,25.62,35.54,-15.58,-32.66,1.22,-4.64,-3.66,0.26,1.0,-0.8,0.88,-1.088
2025-11-14,213.75,143.13,156.94,48.46,32.39,37.7,-18.77,-32.66,-3.78,-7.54,-6.84,0.08,1.58,-0.45,1.5,-2.071
2025-11-17,219.18,141.82,155.62,48.44,43.56,38.66,-16.71,-32.66,2.54,-4.93,-5.59,-2.34,0.13,-3.48,0.12,-1.599
2025-11-18,221.98,140.65,153.73,48.44,41.27,36.18,-15.64,-32.66,1.27,-0.67,-7.93,-3.35,-1.75,-4.41,-2.43,-2.561
2025-11-19,220.82,141.18,154.63,48.43,38.9,33.81,-16.08,-32.66,-0.52,0.62,-4.67,-3.05,-1.38,-3.6,-1.7,-1.533
2025-11-20,213.03,138.98,151.3,48.58,44.82,35.72,-19.05,-32.66,-3.53,-4.1,-7.58,-2.95,-2.4,-3.46,-2.91,-2.474
2025-11-21,212.54,140.35,152.64,48.58,36.23,32.65,-19.23,-32.66,-0.23,-0.57,-11.04,-1.95,-2.01,-2.74,-2.91,-4.129
2025-11-24,223.38,142.52,156.74,48.78,49.92,37.42,-15.11,-32.66,5.1,1.91,-8.0,0.49,-1.27,0.72,-1.43,-2.49
2025-11-25,218.21,143.81,157.79,48.84,52.48,36.23,-17.08,-32.66,-2.31,-1.7,-12.5,2.25,-1.59,2.64,-2.59,-4.239
2025-11-26,219.03,144.8,159.09,48.83,52.63,36.22,-16.76,-32.66,0.38,-0.81,-10.82,2.57,-1.14,2.88,-2.57,-3.611
2025-11-27,219.03,144.8,159.09,48.82,43.36,35.26,-16.76,-32.66,0.0,2.82,-12.43,4.19,-1.13,5.15,-3.1,-4.335
2025-11-28,218.61,145.58,160.12,48.78,43.32,33.83,-16.92,-32.66,-0.19,2.86,-9.56,3.73,0.39,4.91,-0.91,-3.396
2025-12-01,223.48,144.71,158.83,48.29,25.7,34.55,-15.07,-32.66,2.22,0.04,-5.65,1.54,-0.47,1.33,-2.31,-1.854
